"sub.layer","sub.neuron","sub.type","sub.weight","sub.value"
0,0,"N",0,-0.759463574125713
0,0,"N",1,-0.241953900499527
0,0,"N",2,-0.255570854545795
0,0,"N",3,0.262404122075323
0,0,"N",4,0.0389572209724385
0,0,"N",5,0.699731127037556
0,0,"N",6,-0.68680005639787
0,0,"N",7,0.0273813046199129
0,0,"N",8,0.462548018478396
0,0,"N",9,0.0112790237672897
0,0,"N",10,0.297146216256887
0,0,"N",11,0.796548500338644
0,0,"N",12,-0.319860868745485
0,0,"N",13,0.42070222450805
0,0,"N",14,-0.260663993796386
0,0,"N",15,0.0770640901982687
0,0,"N",16,0.596122720945964
0,0,"N",17,0.334857551889434
0,0,"N",18,0.779736660533314
0,0,"N",19,0.527207116931424
0,0,"N",20,0.506954862061091
0,0,"N",21,-0.245761301608945
0,0,"N",22,-0.607376530799887
0,0,"N",23,-0.0759104394503031
0,0,"N",24,-0.695689336013342
0,0,"N",25,0.0243325088315766
0,0,"N",26,-0.472706046729032
0,0,"N",27,-0.022524425749215
0,0,"N",28,-0.0401442998966898
0,0,"N",29,0.115662243281773
0,0,"N",30,-0.779044969287869
0,0,"N",31,0.244753152886405
0,0,"N",32,0.0954787518133799
0,0,"N",33,0.56828241819487
0,0,"N",34,0.124074430639756
0,0,"N",35,0.61292136700971
0,0,"N",36,0.0566221145132065
0,0,"N",37,0.157659469132841
0,0,"N",38,0.0448484956823612
0,0,"N",39,-0.307305981594343
0,0,"N",40,-0.440481820085154
0,0,"N",41,0.0574104521857861
0,0,"N",42,-0.504725845027021
0,0,"N",43,0.124441780222208
0,0,"N",44,-0.213051711933625
0,0,"N",45,-0.133101494955404
0,0,"N",46,0.485666404165794
0,0,"N",47,0.052146210519169
0,0,"N",48,0.00396935741500789
0,0,"N",49,-0.309523119530821
0,0,"N",50,-0.437584452377479
0,0,"N",51,-0.172912431295055
0,0,"N",52,-0.4405345378148
0,0,"N",53,-0.528283827433136
0,0,"N",54,-0.515631234232503
0,0,"N",55,-0.499586632258895
0,1,"N",0,-0.452575710822746
0,1,"N",1,-0.529924820260276
0,1,"N",2,-0.29024193998262
0,1,"N",3,-0.615943806753586
0,1,"N",4,0.365009399351499
0,1,"N",5,0.74807462561608
0,1,"N",6,0.109535639177134
0,1,"N",7,-0.0374458646396282
0,1,"N",8,0.0446734140134314
0,1,"N",9,-0.228772840987133
0,1,"N",10,-0.447406774213843
0,1,"N",11,0.176232931134601
0,1,"N",12,0.439220198090148
0,1,"N",13,0.00876797142153047
0,1,"N",14,0.432388618876955
0,1,"N",15,-0.536762818352179
0,1,"N",16,-0.0130877029214266
0,1,"N",17,0.542332781537624
0,1,"N",18,-0.673593741360886
0,1,"N",19,-0.0572784619550879
0,1,"N",20,-0.360150923997423
0,1,"N",21,0.164495090295422
0,1,"N",22,0.205641512026954
0,1,"N",23,-0.139880058725829
0,1,"N",24,0.719671116999231
0,1,"N",25,0.522071205458303
0,1,"N",26,-0.172786045386732
0,1,"N",27,-0.28217423940581
0,1,"N",28,0.494358800177898
0,1,"N",29,0.13178355134895
0,1,"N",30,-0.0384037640282614
0,1,"N",31,0.00686884048814285
0,1,"N",32,-0.7275652235061
0,1,"N",33,0.44301362516556
0,1,"N",34,-0.148732102157037
0,1,"N",35,0.475981156106533
0,1,"N",36,-0.503885085835075
0,1,"N",37,-0.0743051818636134
0,1,"N",38,-0.181005113461297
0,1,"N",39,-0.413093571401749
0,1,"N",40,-0.0254459855912664
0,1,"N",41,0.316779980271642
0,1,"N",42,0.136459755914875
0,1,"N",43,-0.225561246393517
0,1,"N",44,0.487498189178418
0,1,"N",45,0.138764694580509
0,1,"N",46,0.208093061118758
0,1,"N",47,0.561367374326281
0,1,"N",48,0.7567313320896
0,1,"N",49,0.30498552293893
0,1,"N",50,0.579244044032244
0,1,"N",51,-0.00608262588897037
0,1,"N",52,0.448240129818793
0,1,"N",53,-0.466295573811867
0,1,"N",54,0.0243124234956616
0,1,"N",55,0.309724536643956
0,2,"N",0,0.746662327086658
0,2,"N",1,0.322694129938191
0,2,"N",2,0.456581322676051
0,2,"N",3,0.153229549988083
0,2,"N",4,-0.367407490819182
0,2,"N",5,-0.0541965765287791
0,2,"N",6,0.563639721106325
0,2,"N",7,0.0377441514618558
0,2,"N",8,-0.485386944497267
0,2,"N",9,0.213131630937284
0,2,"N",10,-0.452955250556733
0,2,"N",11,0.510233956017309
0,2,"N",12,0.0607735119418437
0,2,"N",13,-0.0204461808392028
0,2,"N",14,0.618158984940467
0,2,"N",15,-0.733837625414625
0,2,"N",16,-0.669533706894517
0,2,"N",17,0.424306081236191
0,2,"N",18,0.726739481772542
0,2,"N",19,0.238292641041551
0,2,"N",20,-0.100969286130692
0,2,"N",21,-0.134733536193892
0,2,"N",22,0.917763141143795
0,2,"N",23,-0.0731727495314541
0,2,"N",24,-0.224176010198084
0,2,"N",25,-0.549190494651886
0,2,"N",26,0.0897089952469606
0,2,"N",27,0.645368985424085
0,2,"N",28,-0.789088246919865
0,2,"N",29,-0.631491490936389
0,2,"N",30,0.0962940675198027
0,2,"N",31,0.0766152621506643
0,2,"N",32,0.200920539783094
0,2,"N",33,0.160134084157635
0,2,"N",34,0.0613805247848082
0,2,"N",35,-0.248753389849261
0,2,"N",36,-0.473263803464988
0,2,"N",37,0.935199319411454
0,2,"N",38,-0.513984820206203
0,2,"N",39,0.423769317968226
0,2,"N",40,0.546643491932528
0,2,"N",41,-0.665048775010943
0,2,"N",42,0.696133551627479
0,2,"N",43,-0.363956581800448
0,2,"N",44,-0.319321271273313
0,2,"N",45,-0.205646235666308
0,2,"N",46,0.185466482657183
0,2,"N",47,0.141283195812194
0,2,"N",48,0.257720591184324
0,2,"N",49,-0.418217604473947
0,2,"N",50,0.353394347751703
0,2,"N",51,-0.503084922095303
0,2,"N",52,0.444487712368347
0,2,"N",53,-0.41980772667675
0,2,"N",54,0.191044246019824
0,2,"N",55,0.145121034462733
0,3,"N",0,0.275090543466123
0,3,"N",1,0.436459008848958
0,3,"N",2,0.190868381410852
0,3,"N",3,0.613095999097575
0,3,"N",4,0.112314761570829
0,3,"N",5,0.590129802743323
0,3,"N",6,-0.0233081539070986
0,3,"N",7,0.257543192454741
0,3,"N",8,0.45084068141662
0,3,"N",9,0.0159399540970081
0,3,"N",10,-0.482319928898986
0,3,"N",11,0.337067713974405
0,3,"N",12,-0.0563285632870275
0,3,"N",13,-0.122612712112491
0,3,"N",14,0.0611395490190826
0,3,"N",15,0.534581386040796
0,3,"N",16,0.263838323264539
0,3,"N",17,0.0623788759118543
0,3,"N",18,-0.0364642822995468
0,3,"N",19,0.427574782948628
0,3,"N",20,-0.535156875976044
0,3,"N",21,-0.414950086413478
0,3,"N",22,0.158101493483535
0,3,"N",23,-0.0451792638381721
0,3,"N",24,-0.421077514809491
0,3,"N",25,0.253920164593113
0,3,"N",26,0.0431446878004248
0,3,"N",27,-0.337901664259034
0,3,"N",28,0.373893173909492
0,3,"N",29,-0.585026707423566
0,3,"N",30,0.252536411513315
0,3,"N",31,-0.210202849313656
0,3,"N",32,0.803476187033508
0,3,"N",33,0.19169775618077
0,3,"N",34,-0.903497485733104
0,3,"N",35,0.833786814766039
0,3,"N",36,-0.153828487215505
0,3,"N",37,0.503297314636225
0,3,"N",38,-0.0323335282777781
0,3,"N",39,-0.412026852585863
0,3,"N",40,0.592286864099001
0,3,"N",41,-0.726262046824087
0,3,"N",42,-0.756050689262499
0,3,"N",43,0.448863111625415
0,3,"N",44,0.757806500858893
0,3,"N",45,-0.063580482209406
0,3,"N",46,0.00187827174045631
0,3,"N",47,0.197591869617116
0,3,"N",48,-0.249796929725055
0,3,"N",49,-0.0850473059614602
0,3,"N",50,0.207572258991799
0,3,"N",51,0.732188471730268
0,3,"N",52,0.021924561056283
0,3,"N",53,-0.242600521320279
0,3,"N",54,0.431065186135596
0,3,"N",55,0.0328681757930209
0,4,"N",0,-0.403217590475316
0,4,"N",1,-0.718151725354135
0,4,"N",2,-0.0833376297048927
0,4,"N",3,0.570847362477894
0,4,"N",4,-0.168668444392784
0,4,"N",5,-0.329742866005498
0,4,"N",6,-0.420556411442364
0,4,"N",7,-0.494989333886105
0,4,"N",8,0.133360380812179
0,4,"N",9,0.137877089567665
0,4,"N",10,0.247294532504242
0,4,"N",11,0.319143837882895
0,4,"N",12,-0.260234498987046
0,4,"N",13,0.0140493864282663
0,4,"N",14,0.752866451820382
0,4,"N",15,-0.0493956067748835
0,4,"N",16,-0.29659547308382
0,4,"N",17,-0.0867665242916799
0,4,"N",18,0.186574992633626
0,4,"N",19,0.167003445681196
0,4,"N",20,0.966698728647393
0,4,"N",21,-0.279801169219111
0,4,"N",22,0.274521445595302
0,4,"N",23,-0.89760846439007
0,4,"N",24,-0.0293463724187553
0,4,"N",25,-0.0283061710079257
0,4,"N",26,0.80340067812395
0,4,"N",27,0.0271974038191218
0,4,"N",28,-0.602531908081434
0,4,"N",29,-0.336872555101075
0,4,"N",30,0.331922685514504
0,4,"N",31,-0.133343506669349
0,4,"N",32,-0.603644683928424
0,4,"N",33,-0.602805272201142
0,4,"N",34,-0.267966822348431
0,4,"N",35,-0.46901578417074
0,4,"N",36,-0.0969730558686084
0,4,"N",37,0.289468950927361
0,4,"N",38,-0.942800409213444
0,4,"N",39,-0.511658884352807
0,4,"N",40,0.30781883449298
0,4,"N",41,0.367186156595615
0,4,"N",42,-0.104303611328753
0,4,"N",43,-0.399089717312867
0,4,"N",44,-0.0344831978290551
0,4,"N",45,0.374260788639216
0,4,"N",46,-0.0323017936009498
0,4,"N",47,-0.222604080022517
0,4,"N",48,0.74978871320707
0,4,"N",49,0.2154504123583
0,4,"N",50,0.286586480820901
0,4,"N",51,0.165943571310706
0,4,"N",52,0.715880349013199
0,4,"N",53,-0.580516772035301
0,4,"N",54,-0.0728517921427928
0,4,"N",55,0.502520227330004
0,5,"N",0,0.407838488309969
0,5,"N",1,-0.0154626975439667
0,5,"N",2,0.176461293874296
0,5,"N",3,-0.0437266944078363
0,5,"N",4,0.355802900150145
0,5,"N",5,0.376719073077903
0,5,"N",6,-0.10128060890282
0,5,"N",7,0.695055657752215
0,5,"N",8,-0.0736715239924394
0,5,"N",9,0.1433267547261
0,5,"N",10,-0.140706845985085
0,5,"N",11,0.277445045735627
0,5,"N",12,0.0284676630901667
0,5,"N",13,0.342317745535975
0,5,"N",14,-0.0387444532894672
0,5,"N",15,0.74296177836859
0,5,"N",16,-0.239198383837359
0,5,"N",17,-0.442335981031954
0,5,"N",18,-0.227469927397368
0,5,"N",19,0.130091154767674
0,5,"N",20,0.260422854148984
0,5,"N",21,-0.245651016153053
0,5,"N",22,-0.443114976147785
0,5,"N",23,0.27302867685514
0,5,"N",24,-0.251071547905661
0,5,"N",25,-0.0333795667921638
0,5,"N",26,-0.433154022017723
0,5,"N",27,-0.668684293159323
0,5,"N",28,0.150132216767848
0,5,"N",29,-0.0556015996515735
0,5,"N",30,-0.748718500361911
0,5,"N",31,0.158411946225233
0,5,"N",32,0.613283582866902
0,5,"N",33,-0.0641639264676677
0,5,"N",34,0.141160112242103
0,5,"N",35,-0.428205249943699
0,5,"N",36,-0.500110617709376
0,5,"N",37,0.156698647063127
0,5,"N",38,-0.774577415580564
0,5,"N",39,0.160187657845265
0,5,"N",40,0.106958867555021
0,5,"N",41,-0.0112433140270103
0,5,"N",42,-0.124675448811684
0,5,"N",43,-0.405494540342185
0,5,"N",44,-0.60691109567166
0,5,"N",45,0.419168837907096
0,5,"N",46,-0.131349704737006
0,5,"N",47,-0.379902218082792
0,5,"N",48,-0.014991538677915
0,5,"N",49,-0.294376259240414
0,5,"N",50,0.327707681060293
0,5,"N",51,0.644454807664551
0,5,"N",52,-0.114989956846034
0,5,"N",53,0.376431291837197
0,5,"N",54,0.260927629026923
0,5,"N",55,0.731320471738448
0,6,"N",0,0.118268614818567
0,6,"N",1,-0.280569296501028
0,6,"N",2,-0.671263071363853
0,6,"N",3,0.204055811753977
0,6,"N",4,-0.329077602978504
0,6,"N",5,0.068860077417602
0,6,"N",6,0.24519977708871
0,6,"N",7,-0.157695071997178
0,6,"N",8,0.145405337885593
0,6,"N",9,-0.19048507807448
0,6,"N",10,-0.723994925911229
0,6,"N",11,-0.112970605304654
0,6,"N",12,0.112643083015642
0,6,"N",13,0.159872682369884
0,6,"N",14,0.0157259577487773
0,6,"N",15,-0.151936556014109
0,6,"N",16,0.339168687363275
0,6,"N",17,0.254195518853549
0,6,"N",18,-0.245018323774755
0,6,"N",19,-0.540264759263804
0,6,"N",20,0.43533142488819
0,6,"N",21,0.452725621703226
0,6,"N",22,0.337228089338601
0,6,"N",23,0.530279774861526
0,6,"N",24,-0.170707577515303
0,6,"N",25,0.184136289853985
0,6,"N",26,0.24965129139844
0,6,"N",27,-0.224302250089548
0,6,"N",28,0.201180494445262
0,6,"N",29,0.520596717987454
0,6,"N",30,-0.399356508086387
0,6,"N",31,0.505211895469761
0,6,"N",32,0.0448272147062138
0,6,"N",33,0.190467501470704
0,6,"N",34,0.489871329484754
0,6,"N",35,-0.202770112888756
0,6,"N",36,-0.647708276848075
0,6,"N",37,0.0796360999288012
0,6,"N",38,-0.417770727588574
0,6,"N",39,0.22215644320767
0,6,"N",40,0.569298285040789
0,6,"N",41,0.118404043175918
0,6,"N",42,-0.436854749572715
0,6,"N",43,-0.400239888307758
0,6,"N",44,0.0422457568977713
0,6,"N",45,-0.0301115565856719
0,6,"N",46,0.891098377197504
0,6,"N",47,0.0748007561494791
0,6,"N",48,0.304472323501601
0,6,"N",49,-0.398250259330346
0,6,"N",50,-0.462097201442039
0,6,"N",51,0.383386786735255
0,6,"N",52,0.520639421911275
0,6,"N",53,0.516745241348985
0,6,"N",54,-0.029053715777689
0,6,"N",55,0.164564315171535
0,7,"N",0,-0.198924948281465
0,7,"N",1,0.33463480726577
0,7,"N",2,0.524360178960007
0,7,"N",3,0.511505718845014
0,7,"N",4,0.706806253632405
0,7,"N",5,-0.326502312549631
0,7,"N",6,0.0932949000435982
0,7,"N",7,0.859022265536487
0,7,"N",8,0.241369974625862
0,7,"N",9,0.698390161730575
0,7,"N",10,0.186521090806197
0,7,"N",11,0.679205063891788
0,7,"N",12,0.115802685770346
0,7,"N",13,-0.178413400751754
0,7,"N",14,-0.468840815313833
0,7,"N",15,-0.585800134011139
0,7,"N",16,-0.0509292834900648
0,7,"N",17,-0.00552374410621176
0,7,"N",18,0.55908059208395
0,7,"N",19,0.235533278899756
0,7,"N",20,-0.165450443654844
0,7,"N",21,-0.175851413380049
0,7,"N",22,0.29032944548429
0,7,"N",23,-0.488728921130777
0,7,"N",24,0.137037192980457
0,7,"N",25,0.0267616024395225
0,7,"N",26,0.457370910193349
0,7,"N",27,-0.350922651297527
0,7,"N",28,-0.712841559277514
0,7,"N",29,-0.743122700743045
0,7,"N",30,-0.196066625300287
0,7,"N",31,0.329829111947419
0,7,"N",32,0.352963564512492
0,7,"N",33,-0.0889395015984862
0,7,"N",34,-0.226527993957165
0,7,"N",35,-0.0644148516434661
0,7,"N",36,0.377381217591602
0,7,"N",37,-0.191532468017846
0,7,"N",38,0.263416035174149
0,7,"N",39,-0.304672283313057
0,7,"N",40,-0.0582529259862903
0,7,"N",41,-0.625539167697863
0,7,"N",42,-0.543559000818862
0,7,"N",43,0.145089314783642
0,7,"N",44,-0.371513260267636
0,7,"N",45,-0.452532002562889
0,7,"N",46,0.645934019688335
0,7,"N",47,0.558724882824878
0,7,"N",48,0.448815735043742
0,7,"N",49,-0.0498934274809232
0,7,"N",50,0.531547064194713
0,7,"N",51,0.512737809979171
0,7,"N",52,0.0229666068060654
0,7,"N",53,-0.186266196436259
0,7,"N",54,0.532085501997488
0,7,"N",55,0.59888061593427
0,8,"N",0,-0.419032349321477
0,8,"N",1,0.126253276609932
0,8,"N",2,0.295887761395553
0,8,"N",3,-0.154336868919723
0,8,"N",4,0.176846434421568
0,8,"N",5,-0.214830421076909
0,8,"N",6,-0.0861444427659628
0,8,"N",7,-0.557055562994392
0,8,"N",8,-0.429243138569031
0,8,"N",9,-0.0945410914212091
0,8,"N",10,-0.249071133498777
0,8,"N",11,-0.0835537632757761
0,8,"N",12,0.207009521655679
0,8,"N",13,-0.134253062450362
0,8,"N",14,-0.465938820799303
0,8,"N",15,-0.394454291384201
0,8,"N",16,-0.110937886567894
0,8,"N",17,-0.876333143930129
0,8,"N",18,0.683745628348545
0,8,"N",19,-0.0881413418002319
0,8,"N",20,0.892950434224932
0,8,"N",21,-0.266622382108244
0,8,"N",22,-0.307986578145351
0,8,"N",23,-0.394418125403781
0,8,"N",24,0.279059441760431
0,8,"N",25,0.640766552106992
0,8,"N",26,-0.310399215465096
0,8,"N",27,-0.90052333321793
0,8,"N",28,0.124037757819196
0,8,"N",29,-0.643506917862427
0,8,"N",30,0.421566237537908
0,8,"N",31,-0.338090497597116
0,8,"N",32,0.508066755691615
0,8,"N",33,0.576079030855623
0,8,"N",34,-0.487838364325491
0,8,"N",35,-0.0460875835747156
0,8,"N",36,0.234823565339645
0,8,"N",37,-0.255724334646497
0,8,"N",38,-0.0891582161114877
0,8,"N",39,0.473636979162373
0,8,"N",40,-0.389781283827314
0,8,"N",41,0.505980834977987
0,8,"N",42,0.268303899828156
0,8,"N",43,0.387432162877592
0,8,"N",44,-0.160316443785674
0,8,"N",45,0.619814416140509
0,8,"N",46,0.527289159221351
0,8,"N",47,-0.488470971925925
0,8,"N",48,-0.0723483835576792
0,8,"N",49,0.145573333228357
0,8,"N",50,-0.0787070634412383
0,8,"N",51,-0.0977315673076253
0,8,"N",52,-0.119635818909163
0,8,"N",53,0.15082906455703
0,8,"N",54,-0.326868983897894
0,8,"N",55,0.0463011866429959
0,9,"N",0,0.432610338175226
0,9,"N",1,-0.674879897862931
0,9,"N",2,0.641408876418627
0,9,"N",3,-0.415923876913916
0,9,"N",4,0.350761118269735
0,9,"N",5,-0.354366400200878
0,9,"N",6,0.574269674967419
0,9,"N",7,-0.152738369892889
0,9,"N",8,0.471031127326694
0,9,"N",9,0.397349367291521
0,9,"N",10,0.21271393589952
0,9,"N",11,-0.466480761229588
0,9,"N",12,-0.53506912652432
0,9,"N",13,0.189618235724539
0,9,"N",14,-0.483899259255087
0,9,"N",15,-0.152397774065862
0,9,"N",16,-0.474372315719278
0,9,"N",17,1.00579885673102
0,9,"N",18,-0.394662890598838
0,9,"N",19,0.841928680216384
0,9,"N",20,-0.78633184299383
0,9,"N",21,-0.240312074705311
0,9,"N",22,0.0205857697316257
0,9,"N",23,-0.0611575625748074
0,9,"N",24,0.113674711008027
0,9,"N",25,0.20831176366168
0,9,"N",26,-0.286068385816397
0,9,"N",27,-0.383698886272326
0,9,"N",28,-0.588240595165242
0,9,"N",29,0.106569358786056
0,9,"N",30,0.0495197266258316
0,9,"N",31,-0.0767186229929642
0,9,"N",32,-0.278285252883518
0,9,"N",33,0.328771926701902
0,9,"N",34,-0.631820807552018
0,9,"N",35,-0.208028310993078
0,9,"N",36,-0.0399439092885218
0,9,"N",37,0.185934746688375
0,9,"N",38,0.159972469583983
0,9,"N",39,-0.46303869143448
0,9,"N",40,0.143512484465862
0,9,"N",41,-0.534164286323732
0,9,"N",42,-0.268837388162772
0,9,"N",43,0.103270110240041
0,9,"N",44,-0.269715258969576
0,9,"N",45,0.394916271811314
0,9,"N",46,0.0793798137067477
0,9,"N",47,0.465235533226034
0,9,"N",48,-0.585321771070802
0,9,"N",49,-0.4205619620283
0,9,"N",50,0.678680335326294
0,9,"N",51,-0.609968134399738
0,9,"N",52,-0.609084901775145
0,9,"N",53,-0.480928230206216
0,9,"N",54,0.215707603252339
0,9,"N",55,-0.228789607592345
0,10,"N",0,-0.844084287153159
0,10,"N",1,-0.420380419028846
0,10,"N",2,-0.240151880567503
0,10,"N",3,0.680808535291954
0,10,"N",4,0.0555052941701329
0,10,"N",5,-0.4925097638372
0,10,"N",6,0.109900414533684
0,10,"N",7,0.925400452274058
0,10,"N",8,-0.506043363519357
0,10,"N",9,-0.375470922525791
0,10,"N",10,0.3370122930627
0,10,"N",11,0.0466643177672064
0,10,"N",12,-0.0552319706736486
0,10,"N",13,-0.908160349856985
0,10,"N",14,0.182838289567848
0,10,"N",15,-0.681259091517768
0,10,"N",16,-0.335493092524359
0,10,"N",17,-0.7017916550953
0,10,"N",18,-0.15750319288633
0,10,"N",19,0.0942301196806183
0,10,"N",20,-0.392578014745779
0,10,"N",21,0.548810674953131
0,10,"N",22,-0.347826497795673
0,10,"N",23,0.413172086370968
0,10,"N",24,0.11740465798897
0,10,"N",25,0.0337301960359587
0,10,"N",26,0.0931676187088916
0,10,"N",27,-0.607498683102049
0,10,"N",28,0.0550864817543709
0,10,"N",29,-0.54448575665852
0,10,"N",30,-0.193607035558392
0,10,"N",31,-0.549517018565674
0,10,"N",32,-0.057612142017163
0,10,"N",33,-0.275199506620754
0,10,"N",34,-0.27964980234206
0,10,"N",35,0.544934248178125
0,10,"N",36,0.177816006487697
0,10,"N",37,0.508301385054604
0,10,"N",38,0.281640456265151
0,10,"N",39,-0.0995734178631256
0,10,"N",40,0.497127308172912
0,10,"N",41,0.228208970820021
0,10,"N",42,-0.148630218984117
0,10,"N",43,0.407801233134134
0,10,"N",44,0.764394556793154
0,10,"N",45,-0.136876402028459
0,10,"N",46,0.123328268456341
0,10,"N",47,-0.138110673997256
0,10,"N",48,-0.828674126143293
0,10,"N",49,-0.682483631511225
0,10,"N",50,-0.305413139429302
0,10,"N",51,0.530842898171739
0,10,"N",52,-0.486137528043297
0,10,"N",53,0.0175170821099035
0,10,"N",54,0.183086773092282
0,10,"N",55,0.340872206304362
0,11,"N",0,-0.0613632302096573
0,11,"N",1,0.561494982572078
0,11,"N",2,0.224000512539838
0,11,"N",3,-0.776893247680499
0,11,"N",4,-0.787133631817137
0,11,"N",5,0.305222965797696
0,11,"N",6,-0.157996915248652
0,11,"N",7,0.347436066293422
0,11,"N",8,0.852149215990096
0,11,"N",9,0.15187252010489
0,11,"N",10,-0.126010312714063
0,11,"N",11,-0.692459458771874
0,11,"N",12,-0.183787113083967
0,11,"N",13,0.51818406800934
0,11,"N",14,-0.380465351888655
0,11,"N",15,-0.22723474970477
0,11,"N",16,-0.149782516061738
0,11,"N",17,-0.406069814945204
0,11,"N",18,0.0332008809157816
0,11,"N",19,-0.67600383275499
0,11,"N",20,-0.858860761190442
0,11,"N",21,0.55213617900858
0,11,"N",22,-0.587122026174164
0,11,"N",23,-0.230824854545639
0,11,"N",24,0.164424531466661
0,11,"N",25,0.400645804879712
0,11,"N",26,0.611413725212011
0,11,"N",27,0.490421067480048
0,11,"N",28,0.715813454318527
0,11,"N",29,0.0868556459691988
0,11,"N",30,0.269697465808468
0,11,"N",31,0.315494743022815
0,11,"N",32,-0.309254763652701
0,11,"N",33,0.0358026911745604
0,11,"N",34,-0.116647350183878
0,11,"N",35,-0.0891106864970338
0,11,"N",36,-0.0980076519444422
0,11,"N",37,0.252462419476286
0,11,"N",38,0.268492224081168
0,11,"N",39,-0.0764165276820706
0,11,"N",40,-0.129571947948535
0,11,"N",41,-0.265815194113517
0,11,"N",42,-0.232463451307602
0,11,"N",43,0.603684352945968
0,11,"N",44,-0.916623465646695
0,11,"N",45,0.213191724486072
0,11,"N",46,0.440467031638397
0,11,"N",47,0.318599221095924
0,11,"N",48,0.0706936921833613
0,11,"N",49,-0.0996031703535715
0,11,"N",50,-0.165973300897264
0,11,"N",51,0.290397783093486
0,11,"N",52,-0.38823198619112
0,11,"N",53,0.222031904146047
0,11,"N",54,-0.515850168226537
0,11,"N",55,0.458673296561575
0,12,"N",0,-0.216965209212312
0,12,"N",1,0.240659427122809
0,12,"N",2,-0.217403110709945
0,12,"N",3,-0.509982519505922
0,12,"N",4,0.200855952135867
0,12,"N",5,-0.415601191434381
0,12,"N",6,0.301230481044328
0,12,"N",7,0.691360688033313
0,12,"N",8,0.842702759399118
0,12,"N",9,0.182849869268909
0,12,"N",10,0.158138823423894
0,12,"N",11,-0.0953744441584899
0,12,"N",12,-0.734370007602935
0,12,"N",13,-0.17515667643631
0,12,"N",14,-0.0253167152278765
0,12,"N",15,-0.841142032361992
0,12,"N",16,-0.209405444938836
0,12,"N",17,0.303768661581137
0,12,"N",18,-0.0549325357421971
0,12,"N",19,0.741926606481042
0,12,"N",20,0.320965783644104
0,12,"N",21,-0.642641948085656
0,12,"N",22,0.188807881395788
0,12,"N",23,0.0619810526461125
0,12,"N",24,-0.172422065429068
0,12,"N",25,-0.162013069893067
0,12,"N",26,-0.358640395153475
0,12,"N",27,0.447190631490363
0,12,"N",28,-0.0978817025997134
0,12,"N",29,-0.254273113837326
0,12,"N",30,0.221630397685483
0,12,"N",31,-0.553423088033321
0,12,"N",32,-0.0501259844842924
0,12,"N",33,0.0213957447224397
0,12,"N",34,0.713216666692802
0,12,"N",35,-1.14275740468898
0,12,"N",36,-0.624407878571639
0,12,"N",37,0.0644336338333741
0,12,"N",38,0.78369854654773
0,12,"N",39,0.149490918438069
0,12,"N",40,-0.107905887584003
0,12,"N",41,0.146692976293671
0,12,"N",42,0.0654115898852746
0,12,"N",43,-0.164953242537963
0,12,"N",44,-0.437137293553714
0,12,"N",45,0.112727547952973
0,12,"N",46,0.394814004146878
0,12,"N",47,-0.094108132092553
0,12,"N",48,0.300858373478506
0,12,"N",49,0.193753247511131
0,12,"N",50,0.0937399597595876
0,12,"N",51,-0.278460028227106
0,12,"N",52,-0.302731163722451
0,12,"N",53,-0.265653245909244
0,12,"N",54,-0.272514735300537
0,12,"N",55,0.920834789760182
0,13,"N",0,-0.347658042777022
0,13,"N",1,0.0990144503331463
0,13,"N",2,0.172570336926524
0,13,"N",3,-0.251590904879521
0,13,"N",4,0.042030535090496
0,13,"N",5,-0.904833002898793
0,13,"N",6,0.0216221631313903
0,13,"N",7,0.0670992814575717
0,13,"N",8,0.414910524154676
0,13,"N",9,-0.317098196944665
0,13,"N",10,-0.161084242401155
0,13,"N",11,-0.269405622740131
0,13,"N",12,-0.513920451466911
0,13,"N",13,-0.0704884884654548
0,13,"N",14,0.917030463196407
0,13,"N",15,0.297833797760202
0,13,"N",16,0.29384786532748
0,13,"N",17,-0.800878399247868
0,13,"N",18,-0.965463115546663
0,13,"N",19,0.543286068937646
0,13,"N",20,-0.353175599358095
0,13,"N",21,-0.224994772881451
0,13,"N",22,-0.122487890211628
0,13,"N",23,-0.117402112059538
0,13,"N",24,-0.243390002455907
0,13,"N",25,0.342840636848068
0,13,"N",26,-0.467381488253289
0,13,"N",27,-0.532728269996966
0,13,"N",28,-0.210113597237405
0,13,"N",29,0.699841163283558
0,13,"N",30,0.0566076593641303
0,13,"N",31,0.120930388017437
0,13,"N",32,-0.456705489958738
0,13,"N",33,-0.418073331300303
0,13,"N",34,0.201533048992172
0,13,"N",35,0.107896773437753
0,13,"N",36,-0.178527038749493
0,13,"N",37,-0.214893863642926
0,13,"N",38,0.339791609284032
0,13,"N",39,-0.758548509918473
0,13,"N",40,0.920974217817021
0,13,"N",41,-0.126243844578691
0,13,"N",42,-1.00768783217825e-05
0,13,"N",43,-0.343790970413632
0,13,"N",44,-0.758737432768131
0,13,"N",45,0.253584902915118
0,13,"N",46,-0.229331084111216
0,13,"N",47,0.125189604860067
0,13,"N",48,-0.463265953968374
0,13,"N",49,0.673087184720401
0,13,"N",50,0.0151770776193311
0,13,"N",51,0.280187068818291
0,13,"N",52,0.492564914414532
0,13,"N",53,0.185591251760275
0,13,"N",54,-0.0805601668699917
0,13,"N",55,0.268169100501793
0,14,"N",0,0.726406811784755
0,14,"N",1,-0.645393909523334
0,14,"N",2,0.106185096340032
0,14,"N",3,0.700579476844173
0,14,"N",4,-0.129851838423679
0,14,"N",5,0.0913585299258202
0,14,"N",6,0.20322596735662
0,14,"N",7,0.797991654954602
0,14,"N",8,-0.829485249272737
0,14,"N",9,-0.199966399330962
0,14,"N",10,-0.192176585473951
0,14,"N",11,-0.430582820494936
0,14,"N",12,-0.0524125798509024
0,14,"N",13,-0.733731518066222
0,14,"N",14,0.00243232733789261
0,14,"N",15,0.406102624976006
0,14,"N",16,0.0138487201349021
0,14,"N",17,0.74550761688561
0,14,"N",18,-0.251285518631596
0,14,"N",19,0.259719520235437
0,14,"N",20,-0.286383708545973
0,14,"N",21,-0.462210394758345
0,14,"N",22,-0.491531006348849
0,14,"N",23,-0.281567531625977
0,14,"N",24,-0.0558380506325018
0,14,"N",25,-0.181218244355568
0,14,"N",26,-0.435721448305606
0,14,"N",27,0.00507531750608755
0,14,"N",28,-0.0403949824290189
0,14,"N",29,0.489440204272316
0,14,"N",30,0.103324189327593
0,14,"N",31,0.0952035816473394
0,14,"N",32,-0.158250684485752
0,14,"N",33,0.166943155158573
0,14,"N",34,-0.311888366052125
0,14,"N",35,0.195351463892739
0,14,"N",36,0.278782327120879
0,14,"N",37,-0.295133744887148
0,14,"N",38,0.139096694221898
0,14,"N",39,0.0886282736763855
0,14,"N",40,0.0880668784292067
0,14,"N",41,0.398325126266858
0,14,"N",42,0.913837193225786
0,14,"N",43,0.576271778435562
0,14,"N",44,0.862170870821231
0,14,"N",45,-0.402377896760295
0,14,"N",46,0.0624787080664973
0,14,"N",47,0.726547279018183
0,14,"N",48,-0.50675774750529
0,14,"N",49,0.369046007685044
0,14,"N",50,0.0881198813427664
0,14,"N",51,0.183642566719439
0,14,"N",52,0.157097119401709
0,14,"N",53,0.0493220512137701
0,14,"N",54,-0.689739610400152
0,14,"N",55,-0.325447350435472
0,15,"N",0,0.600840409177579
0,15,"N",1,-0.0473921615154566
0,15,"N",2,-0.118351357547088
0,15,"N",3,0.198699721139916
0,15,"N",4,-0.63346761768521
0,15,"N",5,0.315370438690402
0,15,"N",6,-0.202030432493863
0,15,"N",7,-0.334130765215928
0,15,"N",8,0.42348737262947
0,15,"N",9,-0.202371729649069
0,15,"N",10,0.0329876231213627
0,15,"N",11,-0.407545635799592
0,15,"N",12,-0.0900207579210817
0,15,"N",13,-0.00722019940845501
0,15,"N",14,-0.225149384344302
0,15,"N",15,0.299661624612595
0,15,"N",16,0.263293643307211
0,15,"N",17,-0.764544311352021
0,15,"N",18,-0.230695305561176
0,15,"N",19,0.121220743472532
0,15,"N",20,-0.243692024569398
0,15,"N",21,-0.517064686158933
0,15,"N",22,-0.471348286296658
0,15,"N",23,-0.60596365209301
0,15,"N",24,-0.425432000243492
0,15,"N",25,-0.608134963459047
0,15,"N",26,-0.312033459643374
0,15,"N",27,-0.274557703242753
0,15,"N",28,0.256853060417461
0,15,"N",29,-0.394986754478426
0,15,"N",30,-0.1153365399392
0,15,"N",31,0.401090685583893
0,15,"N",32,-0.65797055110625
0,15,"N",33,-0.766176764085396
0,15,"N",34,0.260414401933023
0,15,"N",35,0.0239158865154329
0,15,"N",36,0.188928566553765
0,15,"N",37,0.0927161540926853
0,15,"N",38,-0.129049140729506
0,15,"N",39,0.02751192387916
0,15,"N",40,0.801670366355089
0,15,"N",41,-0.109879759376273
0,15,"N",42,-0.280497790892702
0,15,"N",43,-0.357871327808388
0,15,"N",44,0.769674619560414
0,15,"N",45,-0.429876193964476
0,15,"N",46,-0.214669275157413
0,15,"N",47,-0.587374381298284
0,15,"N",48,0.81654616687153
0,15,"N",49,0.78810075014852
0,15,"N",50,0.206974098313675
0,15,"N",51,0.113327897010924
0,15,"N",52,0.197489505937656
0,15,"N",53,0.491247088166155
0,15,"N",54,0.339236871581238
0,15,"N",55,0.0313258095546593
0,16,"N",0,-0.167807707267428
0,16,"N",1,0.0186161115628162
0,16,"N",2,0.352174318359902
0,16,"N",3,-0.00361884132888105
0,16,"N",4,0.180690957768792
0,16,"N",5,-0.71644097103221
0,16,"N",6,0.0120669992800339
0,16,"N",7,0.337976655663678
0,16,"N",8,0.54437259471868
0,16,"N",9,-0.0225155705464264
0,16,"N",10,0.0980673790498255
0,16,"N",11,0.223162513413125
0,16,"N",12,-0.351638584299674
0,16,"N",13,0.1656933776549
0,16,"N",14,0.422282010953036
0,16,"N",15,0.189232057582102
0,16,"N",16,-0.132622962852874
0,16,"N",17,-0.161955214584106
0,16,"N",18,0.610107216134768
0,16,"N",19,0.430163310813585
0,16,"N",20,0.0570169223026202
0,16,"N",21,0.596908410677281
0,16,"N",22,0.184463445441902
0,16,"N",23,-0.869536233391889
0,16,"N",24,0.34617979992432
0,16,"N",25,-0.89736980472996
0,16,"N",26,-0.213953436435504
0,16,"N",27,-0.854169149206718
0,16,"N",28,0.223460251008584
0,16,"N",29,0.380817350359
0,16,"N",30,-0.406052619207335
0,16,"N",31,0.842890816549391
0,16,"N",32,0.555035584839425
0,16,"N",33,0.709511200373851
0,16,"N",34,0.500475105372332
0,16,"N",35,-0.551966038041604
0,16,"N",36,0.224017315751219
0,16,"N",37,0.341791565727196
0,16,"N",38,0.55554720684478
0,16,"N",39,-0.0401985584383876
0,16,"N",40,-0.255846501602974
0,16,"N",41,-0.37249753673937
0,16,"N",42,-0.292649493518326
0,16,"N",43,0.313655187979846
0,16,"N",44,0.381548075914444
0,16,"N",45,0.276668502123211
0,16,"N",46,-0.623602182041553
0,16,"N",47,-0.426673646480294
0,16,"N",48,0.610423534166801
0,16,"N",49,0.916610265088237
0,16,"N",50,-0.652035842387848
0,16,"N",51,0.11057076321528
0,16,"N",52,-0.132975763475512
0,16,"N",53,0.120428680997404
0,16,"N",54,0.220400656533725
0,16,"N",55,-0.00760867662958498
0,17,"N",0,-0.60875510344205
0,17,"N",1,0.778171609948845
0,17,"N",2,0.647743584306946
0,17,"N",3,-0.033141475742816
0,17,"N",4,0.495401232064494
0,17,"N",5,0.523252696171289
0,17,"N",6,-0.623353122210998
0,17,"N",7,-0.202707884243921
0,17,"N",8,0.105444997765933
0,17,"N",9,-0.45491006579984
0,17,"N",10,0.0183230999720702
0,17,"N",11,0.342966189393698
0,17,"N",12,0.162985571370045
0,17,"N",13,-0.523922842152781
0,17,"N",14,0.291165169756808
0,17,"N",15,-0.499148870119863
0,17,"N",16,0.0464879784732311
0,17,"N",17,0.737396078978565
0,17,"N",18,-0.00806024530115141
0,17,"N",19,0.269652043759128
0,17,"N",20,-0.0774298088124614
0,17,"N",21,-0.121555582751147
0,17,"N",22,-0.0851905043080145
0,17,"N",23,-0.158230928420622
0,17,"N",24,0.65319594134986
0,17,"N",25,0.335204096595751
0,17,"N",26,-0.0538146262231005
0,17,"N",27,0.462864820059068
0,17,"N",28,-0.354994318535068
0,17,"N",29,-0.37102482513634
0,17,"N",30,-0.535464660888465
0,17,"N",31,0.113390430518437
0,17,"N",32,-0.506802979547418
0,17,"N",33,-0.207899899040345
0,17,"N",34,-0.357901251272542
0,17,"N",35,0.731523614809605
0,17,"N",36,0.210612433827171
0,17,"N",37,0.503645330660525
0,17,"N",38,-0.0771725373117015
0,17,"N",39,-0.634863395297889
0,17,"N",40,-0.38429206761896
0,17,"N",41,0.221477642087668
0,17,"N",42,-0.588867267754381
0,17,"N",43,-0.774635155167087
0,17,"N",44,-0.222678415767576
0,17,"N",45,-0.0331160910652868
0,17,"N",46,0.583776173356057
0,17,"N",47,0.0999511454798407
0,17,"N",48,-0.29254106147079
0,17,"N",49,0.0263345024813593
0,17,"N",50,-0.0531875979028736
0,17,"N",51,-0.156563629909676
0,17,"N",52,0.138192502013539
0,17,"N",53,0.311401911627867
0,17,"N",54,0.81939753831192
0,17,"N",55,-0.616670178321289
0,18,"N",0,-0.00314827261636912
0,18,"N",1,0.0338851099714192
0,18,"N",2,0.137889131559386
0,18,"N",3,0.0532683718821753
0,18,"N",4,0.472884510615886
0,18,"N",5,0.584977727773101
0,18,"N",6,-0.351937444693205
0,18,"N",7,-0.362628011328414
0,18,"N",8,-0.249178981272449
0,18,"N",9,-0.614841304345109
0,18,"N",10,0.286546598544789
0,18,"N",11,0.167765489489169
0,18,"N",12,0.879573394765209
0,18,"N",13,0.493887964288653
0,18,"N",14,0.140316874910926
0,18,"N",15,-0.447092929885727
0,18,"N",16,-0.0273212501058592
0,18,"N",17,-0.442685041031948
0,18,"N",18,0.417069338705083
0,18,"N",19,-0.186073483405495
0,18,"N",20,0.0173440090571935
0,18,"N",21,0.538196180086662
0,18,"N",22,-0.062232658581692
0,18,"N",23,-0.42733463348841
0,18,"N",24,-0.0861464913914897
0,18,"N",25,-0.176778918278362
0,18,"N",26,-0.237087663661699
0,18,"N",27,-0.588692516431799
0,18,"N",28,-0.566469454251178
0,18,"N",29,-0.619943678539801
0,18,"N",30,0.60754669722985
0,18,"N",31,-0.0112693521080663
0,18,"N",32,0.74974707075712
0,18,"N",33,-0.0860972494913265
0,18,"N",34,-0.46530699815965
0,18,"N",35,0.0691325710025441
0,18,"N",36,0.356587537554893
0,18,"N",37,-0.00894561385813069
0,18,"N",38,-0.170467424693613
0,18,"N",39,0.0427110124121737
0,18,"N",40,0.740010352535579
0,18,"N",41,-0.304311065721716
0,18,"N",42,0.69126389530282
0,18,"N",43,-0.764159524756881
0,18,"N",44,-0.265146359051582
0,18,"N",45,-0.41141002503465
0,18,"N",46,1.03307945106268
0,18,"N",47,0.0795900929897265
0,18,"N",48,-0.0177874726168778
0,18,"N",49,0.127613065094657
0,18,"N",50,0.738742068821963
0,18,"N",51,0.624333449716001
0,18,"N",52,-0.168634597795541
0,18,"N",53,-0.420057792644385
0,18,"N",54,0.230608643835541
0,18,"N",55,0.574331056619974
0,19,"N",0,0.103977098011504
0,19,"N",1,-0.732210099490049
0,19,"N",2,0.00892936728417659
0,19,"N",3,0.604998052858614
0,19,"N",4,0.345608257314599
0,19,"N",5,-0.792878123238413
0,19,"N",6,0.210290833738027
0,19,"N",7,0.350556766902361
0,19,"N",8,-0.201064709509762
0,19,"N",9,0.080299300582865
0,19,"N",10,-0.251572778922245
0,19,"N",11,-0.897605549307781
0,19,"N",12,-0.254374143379615
0,19,"N",13,-0.286423964473592
0,19,"N",14,0.873218771033775
0,19,"N",15,0.571187482944984
0,19,"N",16,-0.271624747714619
0,19,"N",17,-0.104750761043473
0,19,"N",18,0.543348649491811
0,19,"N",19,-0.469040131918972
0,19,"N",20,0.546117276979646
0,19,"N",21,-0.24503771285616
0,19,"N",22,-0.17414618743119
0,19,"N",23,0.215966937224593
0,19,"N",24,0.466888050223367
0,19,"N",25,0.203505482011512
0,19,"N",26,0.346350962262947
0,19,"N",27,-0.130785945677599
0,19,"N",28,-0.612454262495055
0,19,"N",29,0.669752679573777
0,19,"N",30,0.341748735022705
0,19,"N",31,0.323387637806235
0,19,"N",32,0.567970585129729
0,19,"N",33,0.32958111486917
0,19,"N",34,-0.0326643892785453
0,19,"N",35,0.376735650232887
0,19,"N",36,0.637908439467669
0,19,"N",37,0.283894661512414
0,19,"N",38,-0.663239075343518
0,19,"N",39,0.673223960443511
0,19,"N",40,-0.127933214856173
0,19,"N",41,0.121406979466344
0,19,"N",42,0.0587463320827516
0,19,"N",43,0.278640283894165
0,19,"N",44,-0.195905402613397
0,19,"N",45,0.320029705915792
0,19,"N",46,-0.339249167095888
0,19,"N",47,0.0847788807478319
0,19,"N",48,-0.00466814981622997
0,19,"N",49,-0.0747444993318969
0,19,"N",50,0.175522497798759
0,19,"N",51,-0.595158697811565
0,19,"N",52,0.044291266666688
0,19,"N",53,-0.0116613803001114
0,19,"N",54,-0.062851956020183
0,19,"N",55,-0.106445260679319
0,20,"N",0,0.168515375893546
0,20,"N",1,-0.617045882646064
0,20,"N",2,0.140693617376825
0,20,"N",3,-0.170390908912504
0,20,"N",4,-0.055977264869783
0,20,"N",5,0.444701278016352
0,20,"N",6,0.414840433485458
0,20,"N",7,0.376196350011819
0,20,"N",8,0.349960731961534
0,20,"N",9,0.77952791860119
0,20,"N",10,-0.289726170305701
0,20,"N",11,0.0484113522677316
0,20,"N",12,0.162359950883363
0,20,"N",13,-0.0512283588365324
0,20,"N",14,-0.0588548078461065
0,20,"N",15,-0.114827433669181
0,20,"N",16,0.0682616560891044
0,20,"N",17,0.000584577906477702
0,20,"N",18,-0.143083178889071
0,20,"N",19,0.726463037861057
0,20,"N",20,0.0123427637953629
0,20,"N",21,-0.598050205801024
0,20,"N",22,-0.0944311383011772
0,20,"N",23,-0.389220062251525
0,20,"N",24,0.168425087362268
0,20,"N",25,-0.0537202870634182
0,20,"N",26,-0.401742486677649
0,20,"N",27,-0.370996379290927
0,20,"N",28,0.70195104178625
0,20,"N",29,0.708198641744824
0,20,"N",30,-0.592087567659609
0,20,"N",31,-0.161016385345122
0,20,"N",32,0.103412187411555
0,20,"N",33,-0.100935192219618
0,20,"N",34,0.414576150193691
0,20,"N",35,-0.774380283116097
0,20,"N",36,-0.543143144174051
0,20,"N",37,0.855735126318797
0,20,"N",38,0.690124653695626
0,20,"N",39,0.108523155277462
0,20,"N",40,-0.0288371556856534
0,20,"N",41,-0.137626859814018
0,20,"N",42,-0.217885660670775
0,20,"N",43,0.628663320441618
0,20,"N",44,-0.120177130412844
0,20,"N",45,0.771858179191122
0,20,"N",46,0.285350876172279
0,20,"N",47,-0.209490093679781
0,20,"N",48,0.570534785761533
0,20,"N",49,0.401341353220005
0,20,"N",50,0.323606029408673
0,20,"N",51,-0.546493103568265
0,20,"N",52,-0.185104126806142
0,20,"N",53,-0.465562562594035
0,20,"N",54,-0.499209189517253
0,20,"N",55,-0.169930548669329
0,21,"N",0,0.121762671201217
0,21,"N",1,-0.862725080808106
0,21,"N",2,-0.186280982510818
0,21,"N",3,-1.0224177507529
0,21,"N",4,-0.186091158376425
0,21,"N",5,-0.0682585227262934
0,21,"N",6,0.652353842496476
0,21,"N",7,0.872463841975228
0,21,"N",8,-0.265577221853487
0,21,"N",9,-0.596779747837756
0,21,"N",10,4.02217942900903e-05
0,21,"N",11,-0.906933110593099
0,21,"N",12,-0.0253799299133692
0,21,"N",13,-0.301976376648915
0,21,"N",14,-0.119866297660311
0,21,"N",15,0.771041090258833
0,21,"N",16,-0.777416143583826
0,21,"N",17,0.0678394443310185
0,21,"N",18,0.609394543050635
0,21,"N",19,-0.108205709639362
0,21,"N",20,0.124004906162934
0,21,"N",21,0.461690004649399
0,21,"N",22,-0.146262512404708
0,21,"N",23,0.0544174146122253
0,21,"N",24,0.0662089470173708
0,21,"N",25,0.666265547482126
0,21,"N",26,0.106679177325718
0,21,"N",27,0.533264772728783
0,21,"N",28,-0.419377857346481
0,21,"N",29,0.185954248341939
0,21,"N",30,0.0568494894212197
0,21,"N",31,-0.627902643110923
0,21,"N",32,0.399663416799179
0,21,"N",33,0.688361805248829
0,21,"N",34,0.58068128141629
0,21,"N",35,-0.765980005014857
0,21,"N",36,0.182837921563354
0,21,"N",37,-0.0884728596720519
0,21,"N",38,0.0896094314175099
0,21,"N",39,-0.240367945630165
0,21,"N",40,0.897890240259133
0,21,"N",41,-0.820058462889104
0,21,"N",42,0.497676784603361
0,21,"N",43,0.313412007575714
0,21,"N",44,0.254843761170924
0,21,"N",45,-0.183471070100513
0,21,"N",46,0.113140254838312
0,21,"N",47,-0.601493639163504
0,21,"N",48,0.226337701706835
0,21,"N",49,-0.562420292419417
0,21,"N",50,0.114119623585712
0,21,"N",51,0.0044137007584009
0,21,"N",52,0.0420381456353278
0,21,"N",53,0.633140416352855
0,21,"N",54,-0.418722869119692
0,21,"N",55,0.172509282678203
0,22,"N",0,-0.166080579007756
0,22,"N",1,0.657427275364608
0,22,"N",2,-0.912246149736311
0,22,"N",3,-0.482663030882399
0,22,"N",4,-0.0391732598290045
0,22,"N",5,-0.00814393245774071
0,22,"N",6,-0.322098910503473
0,22,"N",7,-0.852149600077582
0,22,"N",8,0.205991542917797
0,22,"N",9,-0.8666161507607
0,22,"N",10,-0.518077076300272
0,22,"N",11,-0.136704055299323
0,22,"N",12,-0.697721245918795
0,22,"N",13,0.366339820195942
0,22,"N",14,0.0694301653467112
0,22,"N",15,0.100763335221863
0,22,"N",16,-0.0647842010990906
0,22,"N",17,0.22772599717987
0,22,"N",18,-0.707010694873103
0,22,"N",19,0.67491668142199
0,22,"N",20,0.403797546170205
0,22,"N",21,-0.197122615980628
0,22,"N",22,0.0744464606742698
0,22,"N",23,-0.0958474495450079
0,22,"N",24,0.0822600652699075
0,22,"N",25,-0.201818965074804
0,22,"N",26,-0.524291802007973
0,22,"N",27,0.269966859381538
0,22,"N",28,-0.0184022237209022
0,22,"N",29,0.353893649726942
0,22,"N",30,0.460504351710188
0,22,"N",31,-0.15960580255154
0,22,"N",32,0.291322877502847
0,22,"N",33,-0.144714172786473
0,22,"N",34,-0.240060573429755
0,22,"N",35,0.0702236689047278
0,22,"N",36,-0.639826423258629
0,22,"N",37,0.173689601276516
0,22,"N",38,0.570937597689777
0,22,"N",39,-0.0338991818818993
0,22,"N",40,0.41186185620702
0,22,"N",41,-0.0653449998191483
0,22,"N",42,-0.477750961560879
0,22,"N",43,0.578428838864509
0,22,"N",44,-0.429240726918382
0,22,"N",45,-0.618007216635803
0,22,"N",46,0.138530893392092
0,22,"N",47,-0.260394534718304
0,22,"N",48,-0.211737832508634
0,22,"N",49,0.000826151700352792
0,22,"N",50,0.405373299062164
0,22,"N",51,0.748731195715552
0,22,"N",52,-0.0208692862390919
0,22,"N",53,-0.255822444537621
0,22,"N",54,-0.564827712105012
0,22,"N",55,0.369285625236723
0,23,"N",0,0.3726972956608
0,23,"N",1,-0.310610950085569
0,23,"N",2,0.531235435258431
0,23,"N",3,-0.69993985804932
0,23,"N",4,0.181527613393406
0,23,"N",5,-0.204419964801004
0,23,"N",6,0.0314516745687971
0,23,"N",7,-0.682011686422264
0,23,"N",8,-0.268582479379177
0,23,"N",9,-0.367772256885267
0,23,"N",10,0.422455940822772
0,23,"N",11,-0.359957719339127
0,23,"N",12,-0.228445648691757
0,23,"N",13,0.190586441077228
0,23,"N",14,-0.910019999701239
0,23,"N",15,0.724671737728118
0,23,"N",16,0.757697214449393
0,23,"N",17,0.335426449499163
0,23,"N",18,-0.313484019801409
0,23,"N",19,-0.560199885789594
0,23,"N",20,-0.587544620764978
0,23,"N",21,0.247372808808779
0,23,"N",22,0.520257407513654
0,23,"N",23,-0.0658836105303865
0,23,"N",24,-0.0862009300809278
0,23,"N",25,0.271128549265825
0,23,"N",26,0.227962489402645
0,23,"N",27,0.579917812452181
0,23,"N",28,0.565210838070413
0,23,"N",29,-0.469307135327997
0,23,"N",30,0.516417106362872
0,23,"N",31,0.426422226948498
0,23,"N",32,-0.485190586927161
0,23,"N",33,0.0774865931298528
0,23,"N",34,0.201493260822568
0,23,"N",35,0.192255035588282
0,23,"N",36,0.109179775868193
0,23,"N",37,0.12060958421454
0,23,"N",38,0.108276976307114
0,23,"N",39,-0.310655988349372
0,23,"N",40,-0.056569286507217
0,23,"N",41,-0.470047454014867
0,23,"N",42,0.445808158312859
0,23,"N",43,0.553012201032381
0,23,"N",44,-0.479426475655817
0,23,"N",45,0.0733240554653918
0,23,"N",46,0.0632103202940362
0,23,"N",47,-0.727790820097005
0,23,"N",48,-0.558852798158769
0,23,"N",49,0.890362468472258
0,23,"N",50,-0.058592114780723
0,23,"N",51,0.00975114030110029
0,23,"N",52,-0.135991222239843
0,23,"N",53,-0.638608429532318
0,23,"N",54,0.167505514501845
0,23,"N",55,-0.486848906385235
0,24,"N",0,-0.360764488067361
0,24,"N",1,-0.134906007157946
0,24,"N",2,0.206502877252853
0,24,"N",3,0.111467182133246
0,24,"N",4,-0.569237878795579
0,24,"N",5,0.110896560360421
0,24,"N",6,-0.782815736058478
0,24,"N",7,0.648247044199959
0,24,"N",8,0.616846943200533
0,24,"N",9,-0.657438846621699
0,24,"N",10,0.143136259018847
0,24,"N",11,0.430843365512691
0,24,"N",12,0.75298430443049
0,24,"N",13,-0.786001460596285
0,24,"N",14,-0.371213498089753
0,24,"N",15,-0.402175088051632
0,24,"N",16,-0.0607436812975481
0,24,"N",17,0.344751506092036
0,24,"N",18,-0.543984381007354
0,24,"N",19,0.112108838854817
0,24,"N",20,-0.505377592876439
0,24,"N",21,0.570910437930044
0,24,"N",22,-0.493546302952003
0,24,"N",23,0.975408426112595
0,24,"N",24,0.34695963682024
0,24,"N",25,-0.843206781911172
0,24,"N",26,0.0813162594086889
0,24,"N",27,0.112346442012025
0,24,"N",28,0.253643559152574
0,24,"N",29,-0.746429791630859
0,24,"N",30,-0.669557351088718
0,24,"N",31,0.059184051398969
0,24,"N",32,0.722562508614204
0,24,"N",33,0.255439462394289
0,24,"N",34,0.115918732356737
0,24,"N",35,0.190554002627358
0,24,"N",36,0.00925735704686253
0,24,"N",37,-0.166100885232523
0,24,"N",38,-0.706657825358826
0,24,"N",39,-0.0609043979851542
0,24,"N",40,0.411910541801264
0,24,"N",41,-0.779108060342575
0,24,"N",42,0.370335033085939
0,24,"N",43,0.29550929409393
0,24,"N",44,0.0148158504127356
0,24,"N",45,-0.636775770188388
0,24,"N",46,0.339482239619921
0,24,"N",47,0.571715428359781
0,24,"N",48,0.798818874994523
0,24,"N",49,-0.182799166773515
0,24,"N",50,0.163051617603642
0,24,"N",51,0.447065517550637
0,24,"N",52,0.23227051210409
0,24,"N",53,-0.200135531654793
0,24,"N",54,-0.275991224299018
0,24,"N",55,0.0756390416351808
0,25,"N",0,-0.857341211266514
0,25,"N",1,-0.825615326801784
0,25,"N",2,-0.811496033600252
0,25,"N",3,-0.0094212515311639
0,25,"N",4,-0.87536910407992
0,25,"N",5,-0.271734440352428
0,25,"N",6,-0.929350448387787
0,25,"N",7,0.381956593177545
0,25,"N",8,0.0948855830422845
0,25,"N",9,0.237049288801481
0,25,"N",10,-0.510777389971355
0,25,"N",11,0.108307311747627
0,25,"N",12,0.480667261512042
0,25,"N",13,-0.0898921989319653
0,25,"N",14,-0.258295511974649
0,25,"N",15,0.640710284976789
0,25,"N",16,-0.214233547524701
0,25,"N",17,-0.0412859764633483
0,25,"N",18,-0.675060673098362
0,25,"N",19,-0.0809103355639621
0,25,"N",20,0.550256508862611
0,25,"N",21,0.662547075599238
0,25,"N",22,0.657522521536471
0,25,"N",23,-0.487750527390728
0,25,"N",24,0.372908984626531
0,25,"N",25,-0.490366893962016
0,25,"N",26,-0.017539363751534
0,25,"N",27,0.0388257818851593
0,25,"N",28,-0.348852296554923
0,25,"N",29,-0.110727923386515
0,25,"N",30,0.274025295424186
0,25,"N",31,0.182952718724663
0,25,"N",32,-0.183007324102602
0,25,"N",33,0.350787100308373
0,25,"N",34,0.126155482847907
0,25,"N",35,0.285801418196641
0,25,"N",36,-0.171466674296608
0,25,"N",37,0.504907644237542
0,25,"N",38,0.262411545701076
0,25,"N",39,0.587740649154796
0,25,"N",40,0.340508655147142
0,25,"N",41,-0.60872826767756
0,25,"N",42,-0.848720452202516
0,25,"N",43,0.162451666336928
0,25,"N",44,-0.166902925768916
0,25,"N",45,-0.713152655881713
0,25,"N",46,-0.316818866533244
0,25,"N",47,-0.468216144593893
0,25,"N",48,0.338396335988778
0,25,"N",49,-0.720828078842969
0,25,"N",50,-0.0520447609957246
0,25,"N",51,-0.778866811616458
0,25,"N",52,-0.248777632167062
0,25,"N",53,-0.736615291243717
0,25,"N",54,-0.178258192848045
0,25,"N",55,0.1476665254105
0,26,"N",0,-0.52808270662494
0,26,"N",1,-0.215771752471564
0,26,"N",2,0.073461532675421
0,26,"N",3,-0.120248832181013
0,26,"N",4,0.176161180768788
0,26,"N",5,0.198004142261302
0,26,"N",6,0.0143555780767612
0,26,"N",7,0.618593902242522
0,26,"N",8,0.331319969120403
0,26,"N",9,0.517243779878451
0,26,"N",10,0.0211835654089952
0,26,"N",11,0.230341861054373
0,26,"N",12,0.0806241556662859
0,26,"N",13,0.460776217678238
0,26,"N",14,0.215552220116983
0,26,"N",15,-0.293050227276712
0,26,"N",16,0.0577547036147265
0,26,"N",17,0.369613946431395
0,26,"N",18,0.437663104834541
0,26,"N",19,0.360978274175723
0,26,"N",20,0.0722278592695886
0,26,"N",21,0.120624652265626
0,26,"N",22,-0.00460695191776277
0,26,"N",23,-0.561646285826091
0,26,"N",24,0.31698641230359
0,26,"N",25,0.045718391535066
0,26,"N",26,-0.339260880818103
0,26,"N",27,-0.201447288692916
0,26,"N",28,-0.324299127308178
0,26,"N",29,0.292510349488315
0,26,"N",30,0.0971517949625539
0,26,"N",31,-0.237894078481123
0,26,"N",32,-0.513212596783303
0,26,"N",33,0.196545920245258
0,26,"N",34,-0.864773494970627
0,26,"N",35,-0.427218508181666
0,26,"N",36,0.382578140558111
0,26,"N",37,-0.0119857722665029
0,26,"N",38,0.0970989007988201
0,26,"N",39,0.0604548212265497
0,26,"N",40,-0.0400523942993111
0,26,"N",41,0.0577322487266799
0,26,"N",42,-0.714782967022024
0,26,"N",43,0.715119544760279
0,26,"N",44,-0.0931317490307996
0,26,"N",45,-1.00268116750896
0,26,"N",46,-0.565940510485967
0,26,"N",47,0.215186281078241
0,26,"N",48,-0.110712642628687
0,26,"N",49,-0.071655238691249
0,26,"N",50,-0.223243959763579
0,26,"N",51,0.0853134998722475
0,26,"N",52,-0.0494518071362536
0,26,"N",53,0.0527763216987051
0,26,"N",54,-0.265347669846375
0,26,"N",55,-0.272116438928594
0,27,"N",0,-0.153624675300504
0,27,"N",1,0.625532019931105
0,27,"N",2,0.319482621183178
0,27,"N",3,-0.594969508787168
0,27,"N",4,-0.673647215238141
0,27,"N",5,0.266603014974293
0,27,"N",6,-0.260076025434142
0,27,"N",7,0.211893556026912
0,27,"N",8,-0.419038356920019
0,27,"N",9,-0.228139096870405
0,27,"N",10,0.369499589843
0,27,"N",11,-0.374752622640875
0,27,"N",12,-0.342162666947472
0,27,"N",13,-0.151437264002388
0,27,"N",14,0.190883884978357
0,27,"N",15,0.2944817882071
0,27,"N",16,-0.22739586438559
0,27,"N",17,-0.551306607194909
0,27,"N",18,0.282272173677843
0,27,"N",19,0.424653467524832
0,27,"N",20,0.262900794591847
0,27,"N",21,-0.403987967886964
0,27,"N",22,0.115535019617146
0,27,"N",23,0.766974314481952
0,27,"N",24,0.128525795285144
0,27,"N",25,-0.0959627144899562
0,27,"N",26,-0.172932647558189
0,27,"N",27,-0.119145302251098
0,27,"N",28,-0.161212944708778
0,27,"N",29,0.949019749346211
0,27,"N",30,0.916040301926506
0,27,"N",31,-0.0760069918735423
0,27,"N",32,-0.0699738870003181
0,27,"N",33,0.086382867359576
0,27,"N",34,0.352272295913448
0,27,"N",35,-0.178816944809184
0,27,"N",36,0.162283435685386
0,27,"N",37,0.346447083685365
0,27,"N",38,0.805473788319451
0,27,"N",39,-0.72066766229566
0,27,"N",40,0.0794324028225062
0,27,"N",41,0.193162374611697
0,27,"N",42,0.860223334177198
0,27,"N",43,0.413658323117403
0,27,"N",44,0.0758529036696314
0,27,"N",45,0.463189701526633
0,27,"N",46,-0.0230671458680902
0,27,"N",47,-0.745812923781154
0,27,"N",48,0.964124680655743
0,27,"N",49,-0.00036232499027926
0,27,"N",50,-0.215004598157779
0,27,"N",51,-0.412765489319016
0,27,"N",52,-0.389423973127986
0,27,"N",53,-0.370452530680436
0,27,"N",54,-0.14145826927773
0,27,"N",55,0.68597179290686
0,28,"N",0,0.0430760678842059
0,28,"N",1,-0.238380037569392
0,28,"N",2,-0.00548480012409748
0,28,"N",3,-0.66313236755589
0,28,"N",4,-0.186430681558671
0,28,"N",5,0.712622418623078
0,28,"N",6,-0.141306598902396
0,28,"N",7,-0.58914661869833
0,28,"N",8,0.00995404281517456
0,28,"N",9,0.0317913700058216
0,28,"N",10,0.131866281706247
0,28,"N",11,0.00845741583981634
0,28,"N",12,-0.75120574726371
0,28,"N",13,0.280211449663925
0,28,"N",14,-0.601219977568135
0,28,"N",15,-0.0713312422568236
0,28,"N",16,-0.105796113545866
0,28,"N",17,0.202647434505957
0,28,"N",18,-0.345408675415064
0,28,"N",19,0.50216057316246
0,28,"N",20,-0.418397595248593
0,28,"N",21,0.137893974867824
0,28,"N",22,-0.490968534859995
0,28,"N",23,-0.0358174927259103
0,28,"N",24,-0.307679121828005
0,28,"N",25,-0.625083004440046
0,28,"N",26,-0.228712714759675
0,28,"N",27,-0.136806363211103
0,28,"N",28,0.11022388639072
0,28,"N",29,0.0311246685653897
0,28,"N",30,-0.846797929865183
0,28,"N",31,0.0773215220902127
0,28,"N",32,0.242305967008328
0,28,"N",33,-0.55403334703371
0,28,"N",34,0.303934287344794
0,28,"N",35,-0.621763746271162
0,28,"N",36,0.156205710965261
0,28,"N",37,0.375599573908446
0,28,"N",38,0.513722956929298
0,28,"N",39,-0.117481304924119
0,28,"N",40,0.396191075727245
0,28,"N",41,-0.140326638680003
0,28,"N",42,0.258678589408939
0,28,"N",43,0.14378412781506
0,28,"N",44,-0.570636613198561
0,28,"N",45,0.0707557719827109
0,28,"N",46,-0.068013985321836
0,28,"N",47,-0.0027396521632334
0,28,"N",48,-0.299148343628091
0,28,"N",49,0.132379863077172
0,28,"N",50,0.0345689455126017
0,28,"N",51,-0.127682874242604
0,28,"N",52,-0.148214427248031
0,28,"N",53,-0.13033773749015
0,28,"N",54,0.606826200239692
0,28,"N",55,-0.0232274470711924
0,29,"N",0,0.111503365271545
0,29,"N",1,0.251921114042536
0,29,"N",2,0.864141179327139
0,29,"N",3,-0.605426165552122
0,29,"N",4,-0.0691486537813736
0,29,"N",5,-0.625122628788739
0,29,"N",6,0.246742528687845
0,29,"N",7,-0.180016073541341
0,29,"N",8,0.00786845524025371
0,29,"N",9,-0.478162425017033
0,29,"N",10,0.111073450670788
0,29,"N",11,0.71287960990417
0,29,"N",12,-0.836787779151113
0,29,"N",13,-0.0754953853419245
0,29,"N",14,0.163048899041796
0,29,"N",15,0.311731932512687
0,29,"N",16,0.196819506024206
0,29,"N",17,-0.039711394596188
0,29,"N",18,0.695932328370294
0,29,"N",19,-0.203335053072588
0,29,"N",20,-0.612254298460568
0,29,"N",21,0.169466701944779
0,29,"N",22,0.678652388764705
0,29,"N",23,0.0307019802634758
0,29,"N",24,-0.327353069170907
0,29,"N",25,0.49169843471084
0,29,"N",26,-0.308061500766174
0,29,"N",27,-0.0245493656643791
0,29,"N",28,-0.190382744645055
0,29,"N",29,-0.0382844974316335
0,29,"N",30,0.809582605648293
0,29,"N",31,-0.0539923841591938
0,29,"N",32,0.155563712176952
0,29,"N",33,-0.253956963644433
0,29,"N",34,-0.154508189412052
0,29,"N",35,0.45125997255954
0,29,"N",36,0.41847593180003
0,29,"N",37,-0.55360838984948
0,29,"N",38,-0.0160715944426768
0,29,"N",39,-0.163737712485296
0,29,"N",40,-0.587484994099581
0,29,"N",41,-0.743405882772149
0,29,"N",42,0.0813673968547315
0,29,"N",43,0.29340315438389
0,29,"N",44,0.332284443380202
0,29,"N",45,-0.127607758823395
0,29,"N",46,0.345911671092459
0,29,"N",47,-0.669901409348288
0,29,"N",48,-0.330239155918088
0,29,"N",49,-0.000681532512901394
0,29,"N",50,-0.242876820527761
0,29,"N",51,-0.54972195406575
0,29,"N",52,-0.00453699204304198
0,29,"N",53,-0.483192073768362
0,29,"N",54,-0.55319167502056
0,29,"N",55,-0.114577736100037
0,0,"B",0,-0.553553447610304
0,0,"B",1,-0.742349014041056
0,0,"B",2,0.597792676456486
0,0,"B",3,-0.319442262318614
0,0,"B",4,0.594122164592621
0,0,"B",5,0.138678494983103
0,0,"B",6,0.0461419036807089
0,0,"B",7,0.343722484749239
0,0,"B",8,0.127807562256374
0,0,"B",9,0.324809471840435
0,0,"B",10,0.0801984591715713
0,0,"B",11,0.464580366861575
0,0,"B",12,0.0404152576440535
0,0,"B",13,0.299000542099531
0,0,"B",14,0.028302484313434
0,0,"B",15,0.525963708870949
0,0,"B",16,0.0300257931451005
0,0,"B",17,0.245191445791835
0,0,"B",18,-0.572273615912387
0,0,"B",19,-0.569527682261537
0,0,"B",20,-0.362470767187255
0,0,"B",21,-0.488421367037936
0,0,"B",22,0.522518206587773
0,0,"B",23,0.311418574873718
0,0,"B",24,-0.0220898297443
0,0,"B",25,-0.558528828839444
0,0,"B",26,0.318058041725665
0,0,"B",27,-0.879395367586042
0,0,"B",28,0.285727355278575
0,0,"B",29,-0.630006757950634
1,0,"N",0,0.683813019623777
1,0,"N",1,-0.388966270803839
1,0,"N",2,0.164316244179024
1,0,"N",3,-0.128550426654246
1,0,"N",4,-0.278817927430749
1,0,"N",5,0.167560513259085
1,0,"N",6,-0.06638662378406
1,0,"N",7,0.628592404112325
1,0,"N",8,0.85882897000851
1,0,"N",9,0.157740871189767
1,0,"N",10,0.183561587553706
1,0,"N",11,0.0380445049407101
1,0,"N",12,-0.121573641892453
1,0,"N",13,0.34010971708012
1,0,"N",14,-0.142914973018826
1,0,"N",15,-0.612631009957075
1,0,"N",16,0.464469467819827
1,0,"N",17,-0.85482607890543
1,0,"N",18,-0.324850667495901
1,0,"N",19,-0.148403129041005
1,0,"N",20,-0.223011624545697
1,0,"N",21,0.307271433902779
1,0,"N",22,-0.216540966500792
1,0,"N",23,-0.619535012691306
1,0,"N",24,-0.577245205743796
1,0,"N",25,-0.258256297992201
1,0,"N",26,-0.322346863844061
1,0,"N",27,-0.0393610246399163
1,0,"N",28,0.364948351085678
1,0,"N",29,-0.833999542396689
1,1,"N",0,0.334282390051912
1,1,"N",1,-0.123412683498634
1,1,"N",2,0.474640557708202
1,1,"N",3,0.108558605497448
1,1,"N",4,-0.815148428674064
1,1,"N",5,0.591488823138299
1,1,"N",6,-0.198747997382103
1,1,"N",7,-0.143980211182295
1,1,"N",8,-0.41714666550399
1,1,"N",9,-0.073492607523946
1,1,"N",10,-0.817274798624056
1,1,"N",11,0.251892495560458
1,1,"N",12,0.74687862474966
1,1,"N",13,-0.528537772070377
1,1,"N",14,0.313594340934801
1,1,"N",15,0.316758251498383
1,1,"N",16,-0.262406327332516
1,1,"N",17,0.137826231129993
1,1,"N",18,0.281562089017903
1,1,"N",19,-0.644535366218886
1,1,"N",20,0.205358937602241
1,1,"N",21,0.0857531194097821
1,1,"N",22,-0.240091089486052
1,1,"N",23,-0.133729895238423
1,1,"N",24,0.169431841460366
1,1,"N",25,0.218976604517958
1,1,"N",26,0.396922875142843
1,1,"N",27,0.0834993385493003
1,1,"N",28,-0.651069709454652
1,1,"N",29,-0.0454631455645061
1,2,"N",0,-0.260558152882067
1,2,"N",1,0.890296028767416
1,2,"N",2,-0.157360830922562
1,2,"N",3,-0.0166788601935141
1,2,"N",4,-0.235613114372659
1,2,"N",5,-0.642687305397845
1,2,"N",6,-0.186542077069202
1,2,"N",7,-0.7468685536294
1,2,"N",8,-0.391315237639701
1,2,"N",9,-0.138889769719395
1,2,"N",10,-0.277995951252864
1,2,"N",11,-0.278198632293423
1,2,"N",12,0.312067234752749
1,2,"N",13,0.507755919701396
1,2,"N",14,0.279964231195411
1,2,"N",15,-0.00742437515380094
1,2,"N",16,-0.130170296636525
1,2,"N",17,-0.274823299941116
1,2,"N",18,0.27601057579882
1,2,"N",19,0.406848605630955
1,2,"N",20,0.253642898580686
1,2,"N",21,-0.243389606142944
1,2,"N",22,-0.687655814731261
1,2,"N",23,-0.352127100792035
1,2,"N",24,-0.0229310981662883
1,2,"N",25,0.129126683494764
1,2,"N",26,-0.359866010567686
1,2,"N",27,0.279125214036317
1,2,"N",28,-0.43165698361947
1,2,"N",29,0.330395680449611
1,3,"N",0,-0.798488907648756
1,3,"N",1,0.0349647806306665
1,3,"N",2,0.0461552843179463
1,3,"N",3,-0.253670818253943
1,3,"N",4,-0.213524945713165
1,3,"N",5,-0.262090324717642
1,3,"N",6,-0.356550325179053
1,3,"N",7,-0.230133169509597
1,3,"N",8,0.177131671845781
1,3,"N",9,0.364261616298146
1,3,"N",10,0.520869161580955
1,3,"N",11,-0.484193378790741
1,3,"N",12,0.673073346114764
1,3,"N",13,0.21475859240711
1,3,"N",14,-0.0686897298011558
1,3,"N",15,0.491659449625067
1,3,"N",16,0.217119420526862
1,3,"N",17,-0.708637501165969
1,3,"N",18,-0.105659121821113
1,3,"N",19,-0.685801423900126
1,3,"N",20,0.280691327644244
1,3,"N",21,0.58654100054432
1,3,"N",22,-0.342493737238234
1,3,"N",23,0.735398713096995
1,3,"N",24,0.887423054275373
1,3,"N",25,0.0268254422020883
1,3,"N",26,0.216871724208621
1,3,"N",27,0.911466951740038
1,3,"N",28,-0.94906674362174
1,3,"N",29,-0.639104939775716
1,4,"N",0,0.302461222519037
1,4,"N",1,0.0729090295272231
1,4,"N",2,-0.0477358088479426
1,4,"N",3,-0.0197881081315358
1,4,"N",4,0.128117219260354
1,4,"N",5,-0.186479661581245
1,4,"N",6,0.522355070067902
1,4,"N",7,-0.0964001358576519
1,4,"N",8,-0.225997448264642
1,4,"N",9,-0.320470782955908
1,4,"N",10,0.411065163633901
1,4,"N",11,-0.395652179561332
1,4,"N",12,-0.448705584593482
1,4,"N",13,0.0719044781551397
1,4,"N",14,-0.0677462296285418
1,4,"N",15,0.265290027937922
1,4,"N",16,0.362016900375248
1,4,"N",17,-0.45625334886591
1,4,"N",18,0.551387634259565
1,4,"N",19,-0.151819808786556
1,4,"N",20,-0.129183213402932
1,4,"N",21,-0.216182205380974
1,4,"N",22,-0.0226988987457577
1,4,"N",23,0.684134004242102
1,4,"N",24,-0.380447315595534
1,4,"N",25,-0.359941429560673
1,4,"N",26,-0.548353785669916
1,4,"N",27,0.850211000369759
1,4,"N",28,0.410202217354308
1,4,"N",29,-0.409159902915436
1,5,"N",0,0.326925505869991
1,5,"N",1,-0.395808948177977
1,5,"N",2,-0.883099755936694
1,5,"N",3,-0.397557843972713
1,5,"N",4,0.320482526057577
1,5,"N",5,-0.284781478847875
1,5,"N",6,-0.410800873752014
1,5,"N",7,-0.758683906802117
1,5,"N",8,0.155838191869498
1,5,"N",9,0.603765323522496
1,5,"N",10,0.264890203858114
1,5,"N",11,-0.0183417937402659
1,5,"N",12,0.177469130399014
1,5,"N",13,-0.0138169475608668
1,5,"N",14,0.118809383569215
1,5,"N",15,0.108699456979466
1,5,"N",16,0.451377278686325
1,5,"N",17,-0.262595672445031
1,5,"N",18,-0.633229478166542
1,5,"N",19,0.282298898033125
1,5,"N",20,-0.44510977663554
1,5,"N",21,-0.0555715946772203
1,5,"N",22,0.156370454535858
1,5,"N",23,0.386204743619903
1,5,"N",24,0.0475199299348436
1,5,"N",25,-0.215130725064144
1,5,"N",26,-0.323560653345284
1,5,"N",27,0.550642743581212
1,5,"N",28,0.141832419736058
1,5,"N",29,0.49001186830813
1,6,"N",0,0.217109705794133
1,6,"N",1,0.557892168641528
1,6,"N",2,-0.800766665653914
1,6,"N",3,0.428491058335553
1,6,"N",4,0.046899160754696
1,6,"N",5,-0.442614080257758
1,6,"N",6,-0.410565743347737
1,6,"N",7,0.787090617049106
1,6,"N",8,-0.180482824577705
1,6,"N",9,0.13559231503147
1,6,"N",10,-0.341945468778078
1,6,"N",11,0.599314707050895
1,6,"N",12,-0.80369335295324
1,6,"N",13,-0.314913770835811
1,6,"N",14,0.135628097207259
1,6,"N",15,0.82162744953779
1,6,"N",16,0.783268310177136
1,6,"N",17,0.637793704104944
1,6,"N",18,0.669185402115562
1,6,"N",19,-0.0910536075610982
1,6,"N",20,-0.0026910580468641
1,6,"N",21,-0.297476534537758
1,6,"N",22,0.451394727991427
1,6,"N",23,0.325880907698724
1,6,"N",24,-0.464167767201593
1,6,"N",25,-0.132508208638288
1,6,"N",26,0.49335779520837
1,6,"N",27,-0.32921977136355
1,6,"N",28,-0.229631736289296
1,6,"N",29,-0.692354170534769
1,7,"N",0,-0.395325602907851
1,7,"N",1,-0.162291991547496
1,7,"N",2,0.750101030044487
1,7,"N",3,-0.835215179710524
1,7,"N",4,-0.528483995011234
1,7,"N",5,-0.28278751345909
1,7,"N",6,0.291138781672624
1,7,"N",7,-0.622207044001184
1,7,"N",8,0.566551907485279
1,7,"N",9,0.655335034213378
1,7,"N",10,0.193459094540932
1,7,"N",11,0.280202009410438
1,7,"N",12,-0.305620384018218
1,7,"N",13,0.905790997983591
1,7,"N",14,0.398154112777013
1,7,"N",15,0.281834906808649
1,7,"N",16,-0.0529441858100516
1,7,"N",17,0.249153160852966
1,7,"N",18,0.322669227588964
1,7,"N",19,-0.683193063796458
1,7,"N",20,0.267881204725387
1,7,"N",21,0.0994772290130858
1,7,"N",22,-0.119334052221101
1,7,"N",23,0.0531712505787282
1,7,"N",24,-0.256396552710406
1,7,"N",25,-0.223684672556063
1,7,"N",26,-0.512344756299404
1,7,"N",27,0.22170271015674
1,7,"N",28,0.389397150619799
1,7,"N",29,-0.577373501382213
1,8,"N",0,0.61018095600954
1,8,"N",1,-0.0925078895732267
1,8,"N",2,-0.0826826084544362
1,8,"N",3,-0.00303398436618008
1,8,"N",4,0.234597755374646
1,8,"N",5,-0.131834646457853
1,8,"N",6,0.0129154249526964
1,8,"N",7,-0.00505664094458018
1,8,"N",8,-0.650813732288516
1,8,"N",9,-0.286342449048175
1,8,"N",10,0.00751353477591384
1,8,"N",11,-0.123959097721292
1,8,"N",12,-0.367825659656586
1,8,"N",13,-0.155812447108887
1,8,"N",14,0.355981348135898
1,8,"N",15,0.0849196295554517
1,8,"N",16,-0.900152783909899
1,8,"N",17,-0.195205217849555
1,8,"N",18,-0.451870952979307
1,8,"N",19,-0.272609458111478
1,8,"N",20,0.099949309671925
1,8,"N",21,-0.0942105328299466
1,8,"N",22,-0.405403526150609
1,8,"N",23,-0.213652630773014
1,8,"N",24,-0.41022754733863
1,8,"N",25,-0.08740771416698
1,8,"N",26,0.166775719901262
1,8,"N",27,-0.11284505177133
1,8,"N",28,-0.519158848774443
1,8,"N",29,-0.118171086053787
1,9,"N",0,0.328741909739075
1,9,"N",1,0.673201029783209
1,9,"N",2,-0.649069093533849
1,9,"N",3,0.92147422823961
1,9,"N",4,0.336506609891571
1,9,"N",5,0.0317719867044142
1,9,"N",6,-0.413290892648496
1,9,"N",7,0.322828201058402
1,9,"N",8,0.0946189843357035
1,9,"N",9,-0.077501787161323
1,9,"N",10,0.432081249546927
1,9,"N",11,-0.912445243153681
1,9,"N",12,-0.75663561602738
1,9,"N",13,0.409516662540222
1,9,"N",14,0.345484183093916
1,9,"N",15,0.873449859181024
1,9,"N",16,-0.453885654174789
1,9,"N",17,0.617551724809717
1,9,"N",18,0.365526227680839
1,9,"N",19,0.17741463157144
1,9,"N",20,-0.0266414269129858
1,9,"N",21,-0.799909069952158
1,9,"N",22,-0.0155941634704914
1,9,"N",23,0.762230938418078
1,9,"N",24,-0.287601594414187
1,9,"N",25,0.653011897592384
1,9,"N",26,0.0875032326793962
1,9,"N",27,-0.65834317528303
1,9,"N",28,-0.549417123875534
1,9,"N",29,0.360959102721266
1,10,"N",0,0.348136996825444
1,10,"N",1,0.841632545397883
1,10,"N",2,-0.435190037427798
1,10,"N",3,-0.341881751433187
1,10,"N",4,0.293070287231572
1,10,"N",5,-0.862174698839244
1,10,"N",6,0.0612611106411627
1,10,"N",7,0.413890688342567
1,10,"N",8,0.535849998387402
1,10,"N",9,0.811165718226576
1,10,"N",10,0.0389866053052603
1,10,"N",11,-0.228912484402217
1,10,"N",12,0.686857423038961
1,10,"N",13,0.96065827537321
1,10,"N",14,-0.111530673054755
1,10,"N",15,-0.742624777330258
1,10,"N",16,0.221910291345597
1,10,"N",17,-0.421152766357927
1,10,"N",18,0.651342617539536
1,10,"N",19,0.02588329606635
1,10,"N",20,0.255030547848832
1,10,"N",21,-0.170894858615527
1,10,"N",22,0.148283719998071
1,10,"N",23,-0.373050029866388
1,10,"N",24,-0.202829961646772
1,10,"N",25,-0.0429763955515986
1,10,"N",26,0.574415854414488
1,10,"N",27,0.0164474050093992
1,10,"N",28,-0.404291519731844
1,10,"N",29,-0.159348241424769
1,11,"N",0,0.0542119622376758
1,11,"N",1,-0.0875058766600072
1,11,"N",2,0.0636376402998304
1,11,"N",3,-0.648865894705763
1,11,"N",4,0.721127434668318
1,11,"N",5,0.126141041934218
1,11,"N",6,-0.301125484226505
1,11,"N",7,-0.0785871043676262
1,11,"N",8,0.40957928588405
1,11,"N",9,0.629340126069483
1,11,"N",10,-0.622183038766127
1,11,"N",11,0.127196144440956
1,11,"N",12,-0.43040085572699
1,11,"N",13,0.581160433178723
1,11,"N",14,-0.156554331921358
1,11,"N",15,-0.0116851908798721
1,11,"N",16,0.328679425999931
1,11,"N",17,0.568593652953217
1,11,"N",18,-0.16576932737472
1,11,"N",19,-0.0702832107005098
1,11,"N",20,-0.128195370211714
1,11,"N",21,0.313432381496999
1,11,"N",22,-0.678020866303818
1,11,"N",23,-0.627687089799399
1,11,"N",24,-0.691578988902909
1,11,"N",25,-0.377917255629908
1,11,"N",26,-0.359439169939411
1,11,"N",27,0.0379683658054414
1,11,"N",28,0.638818744832832
1,11,"N",29,-0.709635920968523
1,12,"N",0,0.111501317450586
1,12,"N",1,-0.694144756799948
1,12,"N",2,-0.699293820671053
1,12,"N",3,-0.0211749540537863
1,12,"N",4,0.264606783229651
1,12,"N",5,0.236209741798751
1,12,"N",6,0.429697551046597
1,12,"N",7,0.0953374787117239
1,12,"N",8,0.577881757577962
1,12,"N",9,-0.216911207008325
1,12,"N",10,-0.0758001519578777
1,12,"N",11,-0.232522121566366
1,12,"N",12,1.08711871532774
1,12,"N",13,0.055695238191205
1,12,"N",14,-0.750953557711385
1,12,"N",15,0.390651466950077
1,12,"N",16,-0.639434242875049
1,12,"N",17,-0.433936126180743
1,12,"N",18,-0.705920067686248
1,12,"N",19,0.0819221113870259
1,12,"N",20,0.0723768605905886
1,12,"N",21,0.330226263284331
1,12,"N",22,-0.208356099487006
1,12,"N",23,0.0326452230563475
1,12,"N",24,0.601912214613215
1,12,"N",25,-0.182290470547931
1,12,"N",26,-0.28984182134761
1,12,"N",27,-0.159929096468113
1,12,"N",28,-0.669744928649415
1,12,"N",29,0.205937383974309
1,13,"N",0,0.612849618334182
1,13,"N",1,-0.00130590430224041
1,13,"N",2,-0.402121970703079
1,13,"N",3,0.12897713655394
1,13,"N",4,-0.140875947242078
1,13,"N",5,-0.631894103353461
1,13,"N",6,-0.61406697668296
1,13,"N",7,-0.324853037695487
1,13,"N",8,0.756668375304075
1,13,"N",9,-0.277422589357177
1,13,"N",10,0.017629761584677
1,13,"N",11,0.800011614767899
1,13,"N",12,-0.261170433266538
1,13,"N",13,0.353717710953591
1,13,"N",14,0.465612242393458
1,13,"N",15,0.144427206230355
1,13,"N",16,-0.184338444155288
1,13,"N",17,-0.145492605228169
1,13,"N",18,-0.252927037243492
1,13,"N",19,0.00634689605706083
1,13,"N",20,-0.321318387512532
1,13,"N",21,0.608108544788949
1,13,"N",22,-0.345257335038503
1,13,"N",23,-0.341799002928083
1,13,"N",24,0.519136535857071
1,13,"N",25,-0.552910594106191
1,13,"N",26,0.0720655918063571
1,13,"N",27,-0.416809715639907
1,13,"N",28,-0.215597478772542
1,13,"N",29,0.749226155647882
1,14,"N",0,0.607108545198618
1,14,"N",1,-0.512677670867842
1,14,"N",2,0.006500707914324
1,14,"N",3,-0.0338114287397445
1,14,"N",4,0.488607072746865
1,14,"N",5,-0.652043835881294
1,14,"N",6,0.272851545695458
1,14,"N",7,-0.187647342095997
1,14,"N",8,-0.248128368669869
1,14,"N",9,-0.232816597754805
1,14,"N",10,0.263976990519786
1,14,"N",11,-0.0860723150070698
1,14,"N",12,-0.183618216638448
1,14,"N",13,-0.151779599903497
1,14,"N",14,-0.435235894890075
1,14,"N",15,0.724557057205599
1,14,"N",16,0.741474720577245
1,14,"N",17,0.219716464793405
1,14,"N",18,-0.645204607046138
1,14,"N",19,-0.362704704381539
1,14,"N",20,0.381758593943569
1,14,"N",21,0.646496293403919
1,14,"N",22,-0.605598747920542
1,14,"N",23,0.439041032347362
1,14,"N",24,0.610833873214207
1,14,"N",25,-0.324518027802778
1,14,"N",26,0.378056826701472
1,14,"N",27,-0.437103599219362
1,14,"N",28,0.232437858698063
1,14,"N",29,-0.0325674989176838
1,15,"N",0,-0.0274592175251941
1,15,"N",1,0.142893401406864
1,15,"N",2,-0.0696308109506216
1,15,"N",3,-0.439944556664167
1,15,"N",4,-0.0309195184523978
1,15,"N",5,0.149192638299025
1,15,"N",6,-0.342891581800884
1,15,"N",7,-0.731243567703279
1,15,"N",8,-0.348682316700751
1,15,"N",9,-0.555377352613972
1,15,"N",10,0.131418651697177
1,15,"N",11,0.115021510514163
1,15,"N",12,0.0520618138301536
1,15,"N",13,-0.761214674693969
1,15,"N",14,0.0383050926833784
1,15,"N",15,0.512220018128965
1,15,"N",16,-0.4712075593739
1,15,"N",17,0.0149092283019642
1,15,"N",18,0.196490224082636
1,15,"N",19,-0.457499579965323
1,15,"N",20,0.185056392845002
1,15,"N",21,0.488150297128182
1,15,"N",22,0.456798735442935
1,15,"N",23,0.0397402132082046
1,15,"N",24,0.398555227059599
1,15,"N",25,-0.0417729073187793
1,15,"N",26,-0.609737370690302
1,15,"N",27,0.152135901027354
1,15,"N",28,0.414420859939876
1,15,"N",29,-0.0562424453291209
1,16,"N",0,0.207632671629286
1,16,"N",1,0.270380507122657
1,16,"N",2,0.156742797919113
1,16,"N",3,-0.285634385010236
1,16,"N",4,-0.0265120822197062
1,16,"N",5,-0.500636988605791
1,16,"N",6,0.59224576613383
1,16,"N",7,0.607023815593648
1,16,"N",8,0.468960701392673
1,16,"N",9,0.690243673257917
1,16,"N",10,0.0742425424039255
1,16,"N",11,-0.400267047409579
1,16,"N",12,-0.960393644661288
1,16,"N",13,-0.740480544789662
1,16,"N",14,0.101433743917578
1,16,"N",15,-0.545781475288418
1,16,"N",16,-0.500795234347063
1,16,"N",17,-0.0504049207973909
1,16,"N",18,-0.544567073584523
1,16,"N",19,0.675449533675408
1,16,"N",20,0.00857256517826442
1,16,"N",21,-0.580731804810714
1,16,"N",22,-0.491471606309759
1,16,"N",23,0.326531991736669
1,16,"N",24,0.926025029839897
1,16,"N",25,-0.605600813686898
1,16,"N",26,0.212464976107417
1,16,"N",27,0.171077412445194
1,16,"N",28,-0.112762607178684
1,16,"N",29,-0.756779518083456
1,17,"N",0,0.142083188791688
1,17,"N",1,0.198376359409345
1,17,"N",2,0.0247819007853908
1,17,"N",3,0.388044212079617
1,17,"N",4,-0.990258782603047
1,17,"N",5,-0.319744281291267
1,17,"N",6,-0.102307917737603
1,17,"N",7,-0.96275289780443
1,17,"N",8,-0.38122074284641
1,17,"N",9,0.0623652922970128
1,17,"N",10,0.183439369766296
1,17,"N",11,-0.0537165558541497
1,17,"N",12,-0.499082088724117
1,17,"N",13,-0.0754570602296202
1,17,"N",14,0.388424440861164
1,17,"N",15,0.147698420365915
1,17,"N",16,-0.326647243462897
1,17,"N",17,0.753091143327781
1,17,"N",18,-0.0129014348505135
1,17,"N",19,-0.0526832162579603
1,17,"N",20,0.0129222619630799
1,17,"N",21,-0.314165876453564
1,17,"N",22,-0.519330229710158
1,17,"N",23,0.497200272629088
1,17,"N",24,0.097351127502326
1,17,"N",25,-0.0728722106156918
1,17,"N",26,-0.0941519401582933
1,17,"N",27,0.0454533333871794
1,17,"N",28,0.0497828244685553
1,17,"N",29,0.208372648882186
1,18,"N",0,0.649345963070614
1,18,"N",1,-0.702944312498463
1,18,"N",2,0.319691708904404
1,18,"N",3,-0.554476866194313
1,18,"N",4,-0.812701733683428
1,18,"N",5,0.360785143347476
1,18,"N",6,0.219189278518051
1,18,"N",7,0.457548283500295
1,18,"N",8,-0.476460036519619
1,18,"N",9,-0.345621129473045
1,18,"N",10,-0.0595549242598986
1,18,"N",11,0.493117115187252
1,18,"N",12,0.343972381266619
1,18,"N",13,-0.0367756655931591
1,18,"N",14,-0.070675263615833
1,18,"N",15,0.144286529698883
1,18,"N",16,-0.156795063065594
1,18,"N",17,-0.504836341951114
1,18,"N",18,0.526519060432422
1,18,"N",19,-0.518391796101841
1,18,"N",20,0.910618267864501
1,18,"N",21,-0.206564549478133
1,18,"N",22,0.338832682640993
1,18,"N",23,0.282837797359899
1,18,"N",24,-0.515877119331572
1,18,"N",25,0.115729029009445
1,18,"N",26,-0.451077544712689
1,18,"N",27,0.123265384468319
1,18,"N",28,-0.429334194835561
1,18,"N",29,0.182892804865477
1,19,"N",0,0.0327037621628213
1,19,"N",1,-0.18615346335269
1,19,"N",2,0.395567110687608
1,19,"N",3,-0.266961826614924
1,19,"N",4,0.349540520890953
1,19,"N",5,-0.582537516890619
1,19,"N",6,-0.0503123697027915
1,19,"N",7,-0.440219563335735
1,19,"N",8,0.0245657333290159
1,19,"N",9,-0.173631022636549
1,19,"N",10,0.410103486813242
1,19,"N",11,-0.190614616218456
1,19,"N",12,0.308527896364543
1,19,"N",13,-0.153568480288528
1,19,"N",14,-0.286987008220007
1,19,"N",15,0.14002614944099
1,19,"N",16,-0.282867022838907
1,19,"N",17,-0.241586470951645
1,19,"N",18,-0.143394732678684
1,19,"N",19,0.193926357048528
1,19,"N",20,0.421192007829139
1,19,"N",21,-0.51232220920056
1,19,"N",22,0.134604920275512
1,19,"N",23,-0.356094267818742
1,19,"N",24,-0.00594914188263687
1,19,"N",25,-0.101387821165857
1,19,"N",26,0.190035478036221
1,19,"N",27,0.124222492447863
1,19,"N",28,0.867556541008109
1,19,"N",29,-0.0815324125306682
1,20,"N",0,-0.37413393013612
1,20,"N",1,-0.18840564287944
1,20,"N",2,-0.829086689263353
1,20,"N",3,-0.645536721761624
1,20,"N",4,0.67846390679436
1,20,"N",5,0.696490596648795
1,20,"N",6,0.507149981225678
1,20,"N",7,-0.20088360458973
1,20,"N",8,-0.0171347121346964
1,20,"N",9,0.288679836635151
1,20,"N",10,-0.395572572157793
1,20,"N",11,-0.530012411730095
1,20,"N",12,-0.0204426767252266
1,20,"N",13,0.416566957975864
1,20,"N",14,0.210470778353156
1,20,"N",15,-0.106940681919406
1,20,"N",16,0.100080429155865
1,20,"N",17,0.469025282585214
1,20,"N",18,0.690785534280493
1,20,"N",19,0.522768576697692
1,20,"N",20,0.528520851216605
1,20,"N",21,-0.0124624386006449
1,20,"N",22,-0.100334039155575
1,20,"N",23,0.422521842860934
1,20,"N",24,-0.725663495084306
1,20,"N",25,0.252772108754328
1,20,"N",26,-0.574713241286666
1,20,"N",27,0.115948415599796
1,20,"N",28,0.453305159289403
1,20,"N",29,0.404002183960183
1,21,"N",0,0.0536948374486226
1,21,"N",1,-0.339005262914903
1,21,"N",2,0.211455790768965
1,21,"N",3,0.22637090991685
1,21,"N",4,-0.144709038525794
1,21,"N",5,0.121047635164514
1,21,"N",6,-0.0200216535742808
1,21,"N",7,0.073704709364442
1,21,"N",8,0.104375296372338
1,21,"N",9,-0.373596590212374
1,21,"N",10,-0.135522215987251
1,21,"N",11,0.141816553642666
1,21,"N",12,-0.509373551685249
1,21,"N",13,0.149950451733805
1,21,"N",14,0.41119735203862
1,21,"N",15,-0.0561340091837262
1,21,"N",16,-0.0392789980033822
1,21,"N",17,-0.510152809415683
1,21,"N",18,-0.197139093556487
1,21,"N",19,-0.201495021314545
1,21,"N",20,0.209597364467462
1,21,"N",21,-0.774540964474418
1,21,"N",22,-0.451376197626478
1,21,"N",23,-0.186457687838722
1,21,"N",24,0.821837707335618
1,21,"N",25,-0.200707283967393
1,21,"N",26,-0.341374061719995
1,21,"N",27,0.684387027322229
1,21,"N",28,-0.539816950548903
1,21,"N",29,0.134257584343408
1,22,"N",0,-0.144247558899964
1,22,"N",1,-0.0426676289777563
1,22,"N",2,-0.169835651619987
1,22,"N",3,0.16183203124666
1,22,"N",4,-0.0367174151666364
1,22,"N",5,0.118250878290289
1,22,"N",6,0.039763044121265
1,22,"N",7,-0.168630130944204
1,22,"N",8,-0.365304981783149
1,22,"N",9,-0.396917969770068
1,22,"N",10,0.354732010862228
1,22,"N",11,0.440133214303897
1,22,"N",12,0.794385471192788
1,22,"N",13,-0.044213401782671
1,22,"N",14,-0.209673582460953
1,22,"N",15,-0.213885080283755
1,22,"N",16,-0.404500653708889
1,22,"N",17,0.315418715748191
1,22,"N",18,-0.749729022859497
1,22,"N",19,0.0614583872663046
1,22,"N",20,-0.248856473342065
1,22,"N",21,0.657867612731943
1,22,"N",22,-0.122325708348545
1,22,"N",23,0.244125424322394
1,22,"N",24,-0.0534969042593119
1,22,"N",25,0.671133851057716
1,22,"N",26,0.0358907175649939
1,22,"N",27,0.489668336395792
1,22,"N",28,0.588084213696863
1,22,"N",29,-0.80075323543113
1,23,"N",0,0.372293060002489
1,23,"N",1,-0.0570559357590709
1,23,"N",2,0.76736152419294
1,23,"N",3,0.2165897720921
1,23,"N",4,0.363158590581593
1,23,"N",5,-0.613988775779454
1,23,"N",6,0.270611245627669
1,23,"N",7,0.505387784627444
1,23,"N",8,-0.217522012032848
1,23,"N",9,0.484188558715947
1,23,"N",10,0.0245145936044837
1,23,"N",11,0.148470744877679
1,23,"N",12,-0.158341121374423
1,23,"N",13,-0.372014482962095
1,23,"N",14,0.23472538797743
1,23,"N",15,0.250099815288279
1,23,"N",16,0.206717047367946
1,23,"N",17,-0.346545746555007
1,23,"N",18,-0.484764727741891
1,23,"N",19,0.0215765658180286
1,23,"N",20,-0.0698035344289305
1,23,"N",21,-0.145890450041669
1,23,"N",22,0.069969287881962
1,23,"N",23,0.42202952784436
1,23,"N",24,-0.381414089934159
1,23,"N",25,-0.073575491560958
1,23,"N",26,0.228866347670416
1,23,"N",27,0.526612781918463
1,23,"N",28,0.0617570883991514
1,23,"N",29,0.279279403137553
1,24,"N",0,-0.570678157229581
1,24,"N",1,-0.230674336114149
1,24,"N",2,0.120647559298755
1,24,"N",3,-0.245650457314292
1,24,"N",4,0.576490424411537
1,24,"N",5,-0.149183776129094
1,24,"N",6,-0.0341053145010668
1,24,"N",7,0.311912966159711
1,24,"N",8,0.263122919631987
1,24,"N",9,-0.0568808056464643
1,24,"N",10,0.00719620726022243
1,24,"N",11,0.148780404993781
1,24,"N",12,0.444573933109999
1,24,"N",13,0.102126031437645
1,24,"N",14,0.451499908103212
1,24,"N",15,0.729423977778042
1,24,"N",16,0.58017893900668
1,24,"N",17,-0.142398925528875
1,24,"N",18,0.0140865699479297
1,24,"N",19,-0.627638823695742
1,24,"N",20,0.278777598707631
1,24,"N",21,0.827639221690968
1,24,"N",22,-0.564570075666532
1,24,"N",23,0.041481232529697
1,24,"N",24,-0.559774252407004
1,24,"N",25,-0.00187916447031141
1,24,"N",26,0.0345608056760374
1,24,"N",27,-0.100250758968314
1,24,"N",28,-0.124836372839833
1,24,"N",29,0.331480364695145
1,25,"N",0,-0.556285411879784
1,25,"N",1,-0.285990120586148
1,25,"N",2,-0.121770306443844
1,25,"N",3,0.444071518761471
1,25,"N",4,-0.456229916289591
1,25,"N",5,-0.772851419262969
1,25,"N",6,-0.905317136581315
1,25,"N",7,0.3948266573132
1,25,"N",8,0.52921401798597
1,25,"N",9,0.49530776407553
1,25,"N",10,0.926971057957805
1,25,"N",11,0.595805395152309
1,25,"N",12,-0.798692608392663
1,25,"N",13,0.126168805079467
1,25,"N",14,0.055808757017995
1,25,"N",15,0.483247263397112
1,25,"N",16,0.0632604511185223
1,25,"N",17,0.340906305408282
1,25,"N",18,-0.397424919335783
1,25,"N",19,-0.448280336199975
1,25,"N",20,-0.017220244607642
1,25,"N",21,0.722477718553407
1,25,"N",22,0.232346662190387
1,25,"N",23,-0.433423057120977
1,25,"N",24,-0.432781698574289
1,25,"N",25,-0.0552920249239248
1,25,"N",26,0.336797755072656
1,25,"N",27,-0.703244185559727
1,25,"N",28,0.643443933198042
1,25,"N",29,0.227641488746568
1,26,"N",0,-0.505587304778309
1,26,"N",1,-0.808840083725718
1,26,"N",2,-0.349835159903876
1,26,"N",3,-0.343339348344946
1,26,"N",4,0.791800098533693
1,26,"N",5,-0.315573873834728
1,26,"N",6,-0.134478485821561
1,26,"N",7,0.383632182271355
1,26,"N",8,-0.471845243165352
1,26,"N",9,-0.0192361743759331
1,26,"N",10,0.64252443236832
1,26,"N",11,0.250079371307434
1,26,"N",12,-0.568184573036808
1,26,"N",13,-0.305654549681077
1,26,"N",14,0.135559355804501
1,26,"N",15,-0.00483661342350257
1,26,"N",16,-0.101508103246685
1,26,"N",17,-0.744396072814044
1,26,"N",18,-0.212334202902724
1,26,"N",19,0.88473985423591
1,26,"N",20,-0.970261238542602
1,26,"N",21,0.877751062575099
1,26,"N",22,-0.104806539043422
1,26,"N",23,0.713432092553869
1,26,"N",24,-0.219556125435402
1,26,"N",25,-0.132419227887886
1,26,"N",26,0.715842548439907
1,26,"N",27,-0.654640564332831
1,26,"N",28,-0.281239484817551
1,26,"N",29,0.56128395164932
1,27,"N",0,0.730600013154989
1,27,"N",1,-0.303836030569667
1,27,"N",2,-0.023222032990525
1,27,"N",3,-0.332140539374716
1,27,"N",4,0.345249583438992
1,27,"N",5,0.924339438956568
1,27,"N",6,0.404728069950954
1,27,"N",7,0.17823990248304
1,27,"N",8,0.456775628200251
1,27,"N",9,-0.0168196346105386
1,27,"N",10,0.0124815742196656
1,27,"N",11,0.489096228243745
1,27,"N",12,0.250224402263129
1,27,"N",13,0.733777045287636
1,27,"N",14,-0.761869306102044
1,27,"N",15,0.14285903688723
1,27,"N",16,-0.475260438113184
1,27,"N",17,-0.0979779561581371
1,27,"N",18,0.775241851666507
1,27,"N",19,-0.606925313099278
1,27,"N",20,0.285763961645818
1,27,"N",21,0.445077459077952
1,27,"N",22,0.0957919698584589
1,27,"N",23,-0.129125230497674
1,27,"N",24,-0.544448799031547
1,27,"N",25,-0.160929869138423
1,27,"N",26,0.61109556028486
1,27,"N",27,-0.339107008292441
1,27,"N",28,-0.0777315011982887
1,27,"N",29,-0.643064899429813
1,28,"N",0,-0.557809548202383
1,28,"N",1,0.36285467596746
1,28,"N",2,-0.0537599168236594
1,28,"N",3,0.117143867972203
1,28,"N",4,0.580620591706551
1,28,"N",5,0.716059039152883
1,28,"N",6,-0.0124220990436412
1,28,"N",7,0.26341249858307
1,28,"N",8,-0.198819840965865
1,28,"N",9,0.501834099486182
1,28,"N",10,0.164352997385531
1,28,"N",11,-0.438295335964221
1,28,"N",12,0.413102857400763
1,28,"N",13,-0.0885064561181879
1,28,"N",14,0.0820357667109374
1,28,"N",15,-0.258242425895042
1,28,"N",16,0.817521481472091
1,28,"N",17,0.431282705775627
1,28,"N",18,0.0198823964558747
1,28,"N",19,0.77280724798245
1,28,"N",20,-0.0220651579891982
1,28,"N",21,-0.212811030554281
1,28,"N",22,0.295256934661025
1,28,"N",23,-0.033814379265372
1,28,"N",24,-0.857279249723196
1,28,"N",25,0.570251774792995
1,28,"N",26,-0.124039843283068
1,28,"N",27,0.0144893086088157
1,28,"N",28,0.137959054078974
1,28,"N",29,0.1570778220835
1,29,"N",0,0.404734257622671
1,29,"N",1,-0.61383161769872
1,29,"N",2,-0.299008857130344
1,29,"N",3,0.20851586582679
1,29,"N",4,-0.166891687172896
1,29,"N",5,0.441429911162182
1,29,"N",6,-0.0867789041042125
1,29,"N",7,0.191690834649374
1,29,"N",8,0.740542515165299
1,29,"N",9,-0.0961484774472565
1,29,"N",10,0.0846142547555598
1,29,"N",11,0.185678994670321
1,29,"N",12,-0.845943314340935
1,29,"N",13,0.577223859751935
1,29,"N",14,0.205627070019804
1,29,"N",15,-0.537333712542177
1,29,"N",16,0.21191405898795
1,29,"N",17,0.264042644304508
1,29,"N",18,-0.0903077255591159
1,29,"N",19,0.110136075287613
1,29,"N",20,-0.207916967343549
1,29,"N",21,-0.375505380566242
1,29,"N",22,0.265282325515932
1,29,"N",23,-0.518393984628062
1,29,"N",24,-0.29337474057766
1,29,"N",25,0.289134000838715
1,29,"N",26,0.311766289459333
1,29,"N",27,0.257745145231196
1,29,"N",28,-0.350300887476188
1,29,"N",29,-0.237392334616208
1,0,"B",0,0.377037000420819
1,0,"B",1,-0.390073961006995
1,0,"B",2,-0.141598981369035
1,0,"B",3,0.110890812350577
1,0,"B",4,-0.0208803306591773
1,0,"B",5,-0.385827580661307
1,0,"B",6,0.306085083640664
1,0,"B",7,0.0351801914626159
1,0,"B",8,-0.446759332193112
1,0,"B",9,-0.0810250500282196
1,0,"B",10,-0.399960795633799
1,0,"B",11,0.234552073243233
1,0,"B",12,0.669077973181058
1,0,"B",13,-0.188930925940469
1,0,"B",14,-0.700259078901527
1,0,"B",15,-0.747986889305053
1,0,"B",16,0.348287446832895
1,0,"B",17,0.819290716228674
1,0,"B",18,-0.299028959406441
1,0,"B",19,-0.0823615368170539
1,0,"B",20,-0.0181809423304388
1,0,"B",21,0.42345780867884
1,0,"B",22,-0.194718961016523
1,0,"B",23,0.540361003318389
1,0,"B",24,-0.464411121934081
1,0,"B",25,-0.511201016599533
1,0,"B",26,-0.298325210538847
1,0,"B",27,-0.222716899633434
1,0,"B",28,-0.134247314261497
1,0,"B",29,-0.252851448943595
2,0,"N",0,0.247131988421606
2,0,"N",1,0.254960280893734
2,0,"N",2,0.517822452864759
2,0,"N",3,0.011388050240931
2,0,"N",4,-0.0500232725194686
2,0,"N",5,-0.3304639465042
2,0,"N",6,-0.925620512083337
2,0,"N",7,-0.165543885019022
2,0,"N",8,-0.468501870332301
2,0,"N",9,-0.879736897766907
2,0,"N",10,-0.14021992241767
2,0,"N",11,0.592960208507919
2,0,"N",12,0.686104402149261
2,0,"N",13,-0.597400392438058
2,0,"N",14,0.32227884657215
2,0,"N",15,0.555171318594982
2,0,"N",16,-0.302180326730274
2,0,"N",17,-0.986311364338855
2,0,"N",18,0.822917172009288
2,0,"N",19,0.681951850984222
2,0,"N",20,0.316307348615871
2,0,"N",21,-0.164834511285922
2,0,"N",22,0.668617193958875
2,0,"N",23,-0.519947343693195
2,0,"N",24,0.53881634294451
2,0,"N",25,-0.541295901056065
2,0,"N",26,-0.623249842817499
2,0,"N",27,0.596140294698838
2,0,"N",28,-0.0648340042035056
2,0,"N",29,-0.443688951728642
2,1,"N",0,-0.0294044928674397
2,1,"N",1,0.0291311368158412
2,1,"N",2,-0.140401559923642
2,1,"N",3,-0.451370594443091
2,1,"N",4,-0.605143496674117
2,1,"N",5,-0.324226317639925
2,1,"N",6,-0.299593770902031
2,1,"N",7,-0.589879456150897
2,1,"N",8,0.484843287340163
2,1,"N",9,0.500771521645228
2,1,"N",10,-0.912860995524408
2,1,"N",11,-0.0514038770014522
2,1,"N",12,0.253116042267028
2,1,"N",13,1.0076325891636
2,1,"N",14,-0.0671613459685608
2,1,"N",15,-0.0691454356318649
2,1,"N",16,0.543185375740235
2,1,"N",17,0.300271585741757
2,1,"N",18,-0.0931971295114093
2,1,"N",19,-0.307520366637151
2,1,"N",20,-0.689098614588791
2,1,"N",21,-0.107382192471597
2,1,"N",22,-0.618007112865823
2,1,"N",23,-0.35896530573077
2,1,"N",24,0.150463295818551
2,1,"N",25,1.2008219876373
2,1,"N",26,1.52428218817844
2,1,"N",27,0.00161146838894038
2,1,"N",28,-0.383577452775728
2,1,"N",29,0.215819488589489
2,2,"N",0,-0.00637987661112597
2,2,"N",1,-0.258953208690257
2,2,"N",2,0.0433878588995703
2,2,"N",3,-0.358258563860986
2,2,"N",4,0.570411227591054
2,2,"N",5,0.632494645144053
2,2,"N",6,-0.357330750400829
2,2,"N",7,0.365956039392078
2,2,"N",8,-0.65376669897781
2,2,"N",9,0.148908660918636
2,2,"N",10,0.454962300439485
2,2,"N",11,0.417592987519636
2,2,"N",12,-0.621913638215699
2,2,"N",13,-0.147903478968753
2,2,"N",14,-0.377877452131284
2,2,"N",15,0.318501553618173
2,2,"N",16,0.341712159338254
2,2,"N",17,0.000406866649539044
2,2,"N",18,-0.521642879111411
2,2,"N",19,0.133762840576691
2,2,"N",20,0.699475482800152
2,2,"N",21,0.234638984451459
2,2,"N",22,-1.06378662492778
2,2,"N",23,-0.162690396220306
2,2,"N",24,0.204400710236713
2,2,"N",25,0.0191411102189648
2,2,"N",26,-0.938243051046985
2,2,"N",27,0.0257826534297745
2,2,"N",28,-0.298522317896418
2,2,"N",29,0.202172693292251
2,0,"B",0,0.0997008429267685
2,0,"B",1,0.0186542094493668
2,0,"B",2,-0.202624759620218
